TestDate,Time,MIS,Point 1571,Point 1572,Point 1573,Point 1574,Point 1575,Point 1576,Temperature,Current,RCTA Occupied BW,BSD Occupied BW,Power,Point 1481,Point 1666,Point 1667,Point 1668,Point 1669,Antenna1 GetTxPower,Antenna2 GetTxPower,Antenna1 GetCenterFrequency,Antenna2 GetCenterFrequency,Antenna1 GetCwLeakage,Antenna2 GetCwLeakage,Temperature,Delta,,
2015-09-22,00:11:18,154980056164,62347,3434A,15W38,21154,98005,6164,26.60512,286.663,172.504,86.397,12.469273,2510,13,4,13,4,12.448586,7.630977,24.201689,24.201688,29.169156,27.928650,32.8805,6.275380,
2015-09-22,00:12:52,154980056182,62347,3434A,15W38,21154,98005,6182,26.52108,287.370,173.082,86.831,12.102139,2523,9,4,9,4,12.111407,8.339992,24.201666,24.201665,27.924893,27.078979,32.57233,6.051250,
2015-09-22,00:17:20,154980055962,62347,3434A,15W38,21154,98005,5962,27.02535,285.914,172.504,88.133,11.900434,2515,7,4,7,4,11.911694,9.465050,24.201732,24.201731,31.105407,29.864263,32.79645,5.771100,
2015-09-22,00:18:57,154980055966,62347,3434A,15W38,21154,98005,5966,26.99733,285.036,174.240,86.397,11.853427,2518,7,4,7,4,11.899526,9.082438,24.201713,24.201713,29.748225,29.128948,32.71241,5.715080,
2015-09-22,00:20:30,154980055952,62347,3434A,15W38,21154,98005,5952,26.24092,285.876,174.819,87.265,12.348392,2535,8,4,8,4,12.331349,9.935711,24.201699,24.201698,34.931300,33.198499,32.32019,6.079270,
2015-09-22,00:22:05,154980056204,62347,3434A,15W38,21154,98005,6204,26.9413,287.300,172.504,85.962,12.179836,2504,10,4,10,4,12.128194,8.722026,24.201707,24.201706,28.329528,27.642969,33.10462,6.163320,
2015-09-22,00:23:40,154980056153,62347,3434A,15W38,21154,98005,6153,26.381,284.425,171.925,85.962,12.455048,2522,10,4,10,4,12.465873,8.230626,24.201702,24.201702,36.762461,35.644662,32.60035,6.219350,
2015-09-22,00:25:22,154980056316,62347,3434A,15W38,21154,98005,6316,26.82924,287.494,171.925,86.397,11.831668,2522,6,4,6,4,11.817094,8.593105,24.201695,24.201694,29.840809,28.905206,32.68439,5.855150,
2015-09-22,00:26:51,154980056294,62347,3434A,15W38,21154,98005,6294,27.47359,284.286,174.240,85.528,12.066077,2492,8,4,8,4,12.012885,7.202510,24.201735,24.201735,30.123071,28.914349,33.55286,6.079270,
2015-09-22,00:28:33,154980056311,62347,3434A,15W38,21154,98005,6311,26.0168,291.021,171.925,88.133,12.390750,2536,9,4,9,4,12.400106,9.296582,24.201683,24.201682,27.354005,26.527288,32.26416,6.247360,
2015-09-22,00:30:17,154980056216,62347,3434A,15W38,21154,98005,6216,25.84871,286.432,173.661,86.397,12.207868,2540,10,4,10,4,12.169778,8.768755,24.201728,24.201728,30.372031,29.590518,32.1521,6.303390,
2015-09-22,00:31:51,154980056212,62347,3434A,15W38,21154,98005,6212,26.10085,287.006,171.346,85.962,12.387551,2532,10,4,10,4,12.401381,9.296301,24.201742,24.201741,35.088296,35.565937,32.37622,6.275370,
2015-09-22,00:33:27,154980056281,62347,3434A,15W38,21154,98005,6281,27.19344,290.399,173.082,87.699,13.553877,10.717415,24.201738,24.201737,26.367485,25.644446,32.99256,5.799120,
2015-09-22,00:34:56,154980055964,62347,3434A,15W38,21154,98005,5964,24.56002,285.426,173.661,86.397,12.185813,2596,7,4,7,4,12.250690,9.821836,24.201685,24.201685,38.242051,37.344183,30.58326,6.023240,
2015-09-22,00:36:26,154980056152,62347,3434A,15W38,21154,98005,6152,25.84871,287.789,173.661,86.397,12.364302,2545,9,4,9,4,12.329469,6.836631,24.201694,24.201694,31.391669,29.966900,32.04004,6.191330,
2015-09-22,00:38:01,154980056353,62347,3434A,15W38,21154,98005,6353,26.35299,292.362,174.819,86.397,12.238046,2525,10,4,10,4,12.285933,7.466947,24.201710,24.201710,27.905937,27.182567,32.57233,6.219340,
2015-09-22,00:39:34,154980056331,62347,3434A,15W38,21154,98005,6331,26.10085,286.554,173.082,86.397,12.368021,2541,8,4,8,4,12.358430,7.578722,24.201738,24.201737,30.266554,29.176776,32.1521,6.051250,
2015-09-22,00:41:07,154980056372,62347,3434A,15W38,21154,98005,6372,27.02535,285.485,171.925,85.094,11.734245,2506,6,4,6,4,11.744415,6.704076,24.201748,24.201747,33.928981,32.713912,33.13263,6.107280,
2015-09-22,00:42:32,154980056374,62347,3434A,15W38,21154,98005,6374,26.91329,285.764,173.082,85.094,12.310032,2514,7,4,7,4,12.373798,6.460800,24.201680,24.201679,32.226171,32.392498,32.8805,5.967210,
2015-09-22,00:44:03,154980056345,62347,3434A,15W38,21154,98005,6345,26.43703,282.453,172.504,87.699,11.698546,2540,5,4,5,4,11.747213,8.369979,24.201688,24.201688,26.956947,26.266660,32.23615,5.799120,
2015-09-22,00:45:33,154980056266,62347,3434A,15W38,21154,98005,6266,26.88527,289.870,171.925,86.397,12.316638,2515,7,4,7,4,12.267941,8.371612,24.201740,24.201739,29.237909,27.584854,32.82447,5.939200,
2015-09-22,00:47:04,154980056231,62347,3434A,15W38,21154,98005,6231,26.88527,285.182,174.240,86.397,12.378438,2506,9,4,9,4,12.401097,9.196692,24.201737,24.201737,28.987092,27.761900,33.0766,6.191330,
2015-09-22,00:48:38,154980056221,62347,3434A,15W38,21154,98005,6221,26.88527,287.685,174.819,85.962,12.413109,2488,14,4,14,4,12.422151,8.854465,24.201663,24.201663,31.343143,30.307617,33.58088,6.695610,
2015-09-22,00:50:12,154980056224,62347,3434A,15W38,21154,98005,6224,27.02535,285.924,170.188,86.397,12.430466,2484,14,4,14,4,12.429686,7.653158,24.201735,24.201735,29.014680,27.893147,33.69294,6.667590,
2015-09-22,00:55:46,154980056394,62347,3433A,15W38,21154,98005,6394,26.40902,285.432,173.082,86.397,12.229065,2493,12,4,12,4,12.204354,6.388424,24.201732,24.201732,29.841709,28.927519,33.52485,7.115830,
2015-09-22,00:57:26,154980056403,62347,3433A,15W38,21154,98005,6403,26.71718,290.684,171.925,86.831,12.112206,2518,6,4,6,4,12.097856,9.278380,24.201703,24.201703,27.596844,26.723059,32.85248,6.135300,
2015-09-22,01:10:18,154980056383,62347,3433A,15W38,21154,98005,6383,23.01919,287.330,173.661,86.397,12.402742,2638,11,4,11,4,12.422362,7.749101,24.201724,24.201723,30.314438,29.255072,29.43464,6.415450,
2015-09-22,01:13:17,154980056412,62347,3433A,15W38,21154,98005,6412,26.0168,286.426,172.504,85.962,12.250012,2545,8,4,8,4,12.200661,8.657454,24.201742,24.201742,30.192160,28.845774,31.98401,5.967210,
2015-09-22,01:14:47,154980056402,62347,3433A,15W38,21154,98005,6402,22.37485,290.396,174.819,87.265,11.688858,2683,5,4,5,4,11.706944,8.780444,24.201795,24.201794,27.785532,27.218839,28.28602,5.911170,
2015-09-22,01:17:39,154980056423,62347,3433A,15W38,21154,98005,6423,32.46027,288.372,174.240,86.397,12.397685,2359,8,4,8,4,12.405648,8.487534,24.201702,24.201702,33.028214,32.346186,36.83062,4.370350,
2015-09-22,01:19:41,154980056433,62347,3433A,15W38,21154,98005,6433,26.18489,285.794,173.661,87.699,12.322770,2495,7,4,7,4,12.302736,9.292552,24.201691,24.201691,29.417382,28.388277,33.30072,7.115830,
2015-09-22,01:21:21,154980056444,62347,3433A,15W38,21154,98005,6444,26.71718,280.942,173.661,85.962,12.178705,2526,7,4,7,4,12.118641,7.573136,24.201727,24.201726,27.829483,26.623292,32.5163,5.799120,
2015-09-22,01:22:52,154980056464,62347,3433A,15W38,21154,98005,6464,26.26894,282.075,173.082,86.397,11.743265,2535,6,4,6,4,11.741428,7.540869,24.201765,24.201764,27.492916,26.303518,32.32019,6.051250,
2015-09-22,01:24:20,154980056475,62347,3433A,15W38,21154,98005,6475,26.57711,285.001,173.661,86.397,12.443074,2509,8,4,8,4,12.453195,8.812742,24.201757,24.201756,26.947371,25.748690,33.0766,6.499490,
2015-09-22,01:36:58,154980056482,62347,3433A,15W38,21154,98005,6482,22.71103,286.085,173.661,85.962,12.383098,2650,12,4,12,4,12.364278,6.245865,24.201701,24.201700,29.104663,27.403989,29.04243,6.331400,
2015-09-22,01:38:48,154980056492,62347,3433A,15W38,21154,98005,6492,25.93276,284.976,171.346,85.962,12.143422,2538,7,4,7,4,12.143894,8.284394,24.201781,24.201781,28.381293,26.939712,32.23615,6.303390,
2015-09-22,01:40:45,154980056523,62347,3433A,15W38,21154,98005,6523,26.24092,285.069,171.925,86.831,12.094891,2530,8,4,8,4,12.060954,8.156108,24.201711,24.201711,25.971414,24.900420,32.46027,6.219350,
2015-09-22,01:42:51,154980056504,62347,3433A,15W38,21154,98005,6504,26.7452,282.474,172.504,86.397,12.271081,2510,8,4,8,4,12.300609,7.236228,24.201717,24.201717,27.816515,26.423069,32.93653,6.191330,
2015-09-22,01:44:25,154980056561,62347,3433A,15W38,21154,98005,6561,26.54909,285.326,174.819,87.265,12.191104,2528,8,4,8,4,12.211123,8.912719,24.201732,24.201731,27.114246,26.012563,32.48829,5.939200,
2015-09-22,01:45:56,154980056582,62347,3433A,15W38,21154,98005,6582,26.381,290.716,171.925,85.962,12.370198,2525,9,4,9,4,12.409696,7.158842,24.201768,24.201767,28.599975,27.038957,32.57233,6.191330,
2015-09-22,01:47:48,154980056593,62347,3433A,15W38,21154,98005,6593,26.52108,285.570,174.240,86.397,12.094404,2522,8,4,8,4,12.095922,7.956413,24.201734,24.201733,27.560914,26.370293,32.71241,6.191330,
2015-09-22,01:49:35,154980056603,62347,3433A,15W38,21154,98005,6603,26.32497,289.862,175.398,85.962,12.146180,2531,7,4,7,4,12.155560,7.549156,24.201724,24.201724,27.139305,25.901634,32.37622,6.051250,
2015-09-22,01:51:53,154980056552,62347,3433A,15W38,21154,98005,6552,26.77321,291.479,174.819,85.962,12.330345,2512,9,4,9,4,12.335942,8.871967,24.201692,24.201692,28.892282,27.413342,32.90851,6.135300,
2015-09-22,01:53:28,154980056622,62347,3433A,15W38,21154,98005,6622,26.82924,285.190,175.398,86.397,12.391297,2497,11,4,11,4,12.386557,6.533013,24.201697,24.201697,27.433886,25.902556,33.32874,6.499500,
2015-09-22,01:55:05,154980056632,62347,3433A,15W38,21154,98005,6632,27.05336,285.957,173.082,85.528,12.173863,2506,6,4,6,4,12.109984,6.979353,24.201750,24.201749,25.813007,24.595979,33.13263,6.079270,
2015-09-22,01:56:37,154980056612,62347,3433A,15W38,21154,98005,6612,26.43703,283.784,173.661,86.397,12.346738,2523,8,4,8,4,12.378617,7.034102,24.201737,24.201736,27.357173,25.969380,32.65638,6.219350,
2015-09-22,01:58:30,154980056643,62347,3433A,15W38,21154,98005,6643,26.381,283.545,174.819,86.397,11.969094,2524,8,4,8,4,11.990191,7.631615,24.201729,24.201728,25.916666,25.143890,32.60035,6.219350,
2015-09-22,02:00:01,154980056663,62347,3433A,15W38,21154,98005,6663,26.68917,284.285,171.925,86.397,11.681080,2520,5,4,5,4,11.674009,6.123427,24.201747,24.201747,27.530229,25.917851,32.76844,6.079270,
2015-09-22,02:01:35,154980056652,62347,3433A,15W38,21154,98005,6652,26.82924,286.987,173.082,86.397,12.430355,2506,9,4,9,4,12.460274,8.108361,24.201767,24.201766,27.617613,26.423715,33.13263,6.303390,
2015-09-22,02:03:09,154980056672,62347,3433A,15W38,21154,98005,6672,26.66115,284.702,173.082,86.831,11.781895,2518,7,4,7,4,11.849156,6.527373,24.201675,24.201675,26.506264,25.490235,32.76844,6.107290,
2015-09-22,02:05:01,154980056682,62347,3433A,15W38,21154,98005,6682,26.63314,289.454,173.661,86.397,12.438836,2507,11,4,11,4,12.432477,7.380033,24.201746,24.201745,27.394897,26.266456,33.04859,6.415450,
2015-09-22,02:10:04,154980056573,62347,3433A,15W38,21154,98005,6573,26.68917,286.751,173.082,86.397,12.234474,2525,7,4,7,4,12.264167,7.474362,24.201741,24.201741,28.617782,27.136091,32.5163,5.827130,
2015-09-22,02:11:36,154980056572,62347,3433A,15W38,21154,98005,6572,25.76467,285.233,173.082,86.831,12.227571,2555,8,4,8,4,12.227884,7.214040,24.201725,24.201725,28.920454,27.138062,31.73188,5.967210,
2015-09-22,02:13:08,154980056695,62347,3433A,15W38,21154,98005,6695,26.77321,288.742,173.661,85.962,12.397774,2513,9,4,9,4,12.401522,6.885631,24.201659,24.201658,27.419647,25.966621,32.8805,6.107290,
2015-09-22,02:14:41,154980056543,62347,3433A,15W38,21154,98005,6543,26.66115,288.251,173.661,86.397,12.316195,2517,9,4,9,4,12.346943,6.992842,24.201738,24.201738,28.316022,26.611773,32.74043,6.079280,
2015-09-22,02:26:42,154980056512,62347,3433A,15W38,21154,98005,6512,23.24331,285.101,173.082,87.699,11.797887,2649,6,4,6,4,11.812746,9.377951,24.201757,24.201757,27.777585,26.824243,29.15449,5.911180,
2015-09-22,02:32:00,154980056513,62347,3433A,15W38,21154,98005,6513,22.79507,283.414,173.082,87.265,12.469060,2665,6,4,6,4,12.507421,9.872603,24.201789,24.201788,26.811027,25.929005,28.70625,5.911180,
2015-09-22,02:34:24,154980056534,62347,3433A,15W38,21154,98005,6534,28.0619,289.251,172.504,86.397,12.107935,2471,7,4,7,4,12.146989,8.652885,24.201700,24.201699,27.793731,26.733174,34.08515,6.023250,
2015-09-22,02:36:04,154980056105,62347,3433A,15W38,21154,98005,6105,25.8207,293.176,173.661,85.962,12.236584,2538,9,4,9,4,12.251884,8.576460,24.201673,24.201673,34.733982,35.334940,32.26416,6.443460,
2015-09-22,02:37:40,154980055853,62347,3433A,15W38,21154,98005,5853,26.18489,289.512,174.819,85.962,12.244344,2527,10,4,10,4,12.216002,7.774848,24.201718,24.201718,30.145996,29.017202,32.54432,6.359430,
2015-09-22,02:43:25,155380045261,
2015-09-22,02:45:36,155380045261,62347,3418A,15W38,21155,38004,5261,26.9413,282.170,172.504,86.397,12.042743,2523,7,4,7,4,12.076383,6.657012,24.201720,24.201720,30.165902,28.439996,32.60035,5.659050,
2015-09-22,02:47:07,155380045263,62347,3418A,15W38,21155,38004,5263,25.37246,282.749,170.188,85.528,11.756372,2574,6,4,6,4,11.775263,6.162149,24.201776,24.201775,27.198919,25.953156,31.22761,5.855150,
2015-09-22,02:48:39,155380045335,62347,3418A,15W38,21155,38004,5335,26.12886,282.538,174.819,86.397,12.444718,2544,7,4,7,4,12.352483,8.048820,24.201760,24.201759,28.235015,26.756958,32.04004,5.911180,
2015-09-22,02:50:11,155380045344,62347,3418A,15W38,21155,38004,5344,26.71718,279.606,171.925,86.397,12.169046,2517,10,4,10,4,12.147706,6.425618,24.201732,24.201731,27.855505,26.134533,32.74043,6.023250,
2015-09-22,02:51:45,155380045352,62347,3418A,15W38,21155,38004,5352,26.54909,282.521,174.240,86.397,12.294789,2529,7,4,7,4,12.265368,9.156736,24.201663,24.201662,27.257093,26.248233,32.46027,5.911180,
2015-09-22,02:53:15,155380045362,62347,3418A,15W38,21155,38004,5362,26.63314,281.187,171.925,87.699,12.265571,2528,8,4,8,4,12.190256,9.279234,24.201719,24.201719,26.636943,25.585710,32.48829,5.855150,
2015-09-22,02:54:48,155380045365,62347,3418A,15W38,21155,38004,5365,26.18489,282.363,173.661,87.265,12.093946,2544,7,4,7,4,12.043902,8.745698,24.201698,24.201697,29.679015,28.252722,32.01203,5.827140,
2015-09-22,02:57:22,155380045291,62347,3418A,15W38,21155,38004,5291,27.05336,286.065,170.767,85.962,12.249590,2514,7,4,7,4,12.216216,8.615544,24.201733,24.201732,27.785327,26.540710,32.82447,5.771110,
2015-09-22,02:58:35,155380045294,62347,3418A,15W38,21155,38004,5294,26.29696,284.851,173.661,85.962,12.433661,2537,7,4,7,4,12.437074,8.097069,24.201681,24.201680,29.545097,28.221655,32.29218,5.995220,
2015-09-22,03:00:17,155380045283,62347,3418A,15W38,21155,38004,5283,26.54909,286.570,171.346,87.699,12.140864,2523,8,4,8,4,12.198593,9.080349,24.201741,24.201741,27.365463,26.151884,32.60035,6.051260,
2015-09-22,03:01:56,155380045274,62347,3418A,15W38,21155,38004,5274,26.29696,291.200,171.346,86.397,12.358343,2525,8,4,8,4,12.342133,6.655774,24.201710,24.201709,28.999049,27.372695,32.60035,6.303390,
2015-09-22,03:03:06,155380045382,62347,3418A,15W38,21155,38004,5382,26.54909,283.183,173.661,86.397,12.199930,2523,8,4,8,4,12.230114,8.734138,24.201773,24.201772,27.291977,26.190250,32.65638,6.107290,
2015-09-22,03:04:15,155380045371,62347,3418A,15W38,21155,38004,5371,26.29696,282.783,173.661,86.831,12.285386,2522,9,4,9,4,12.259325,9.013128,24.201752,24.201752,30.006186,28.446761,32.65638,6.359420,
2015-09-22,03:11:55,155380045373,62347,3418A,15W38,21155,38004,5373,23.83163,281.877,172.504,87.699,12.193022,2632,6,4,6,4,12.193716,9.187440,24.201788,24.201788,25.743965,24.833036,29.68678,5.855150,
2015-09-22,03:20:27,155380045375,62347,3418A,15W38,21155,38004,5375,23.01919,281.489,173.082,86.831,12.300819,2651,9,4,9,4,12.274048,8.349820,24.201773,24.201772,28.614934,26.742517,29.01442,5.995230,
2015-09-22,03:25:37,155380045392,62347,3418A,15W38,21155,38004,5392,22.96316,281.769,173.082,87.265,12.311715,2662,6,4,6,4,12.302344,9.153451,24.201813,24.201813,27.126425,26.135771,28.79029,5.827130,
2015-09-22,03:30:48,155380045394,62347,3418A,15W38,21155,38004,5394,23.77559,278.006,172.504,86.397,12.476909,2630,7,4,7,4,12.399018,9.263487,24.201694,24.201694,27.900878,26.912052,29.60273,5.827140,
2015-09-22,03:32:20,155380045404,62347,3418A,15W38,21155,38004,5404,26.12886,284.145,174.240,85.962,12.239729,2528,10,4,10,4,12.285913,7.362890,24.201681,24.201681,30.274670,28.407642,32.43225,6.303390,
2015-09-22,03:33:55,155380045414,62347,3418A,15W38,21155,38004,5414,26.29696,280.766,173.082,85.528,12.141957,2530,9,4,9,4,12.161990,7.368334,24.201749,24.201748,28.390845,26.762407,32.37622,6.079260,
2015-09-22,03:35:28,155380045436,62347,3418A,15W38,21155,38004,5436,27.13741,282.251,174.819,85.094,12.249276,2506,6,4,6,4,12.271006,7.880479,24.201721,24.201720,28.080305,26.769438,33.13263,5.995220,
2015-09-22,03:36:58,155380045424,62347,3418A,15W38,21155,38004,5424,26.43703,285.278,174.240,88.133,12.214156,2534,6,4,6,4,12.209792,9.189415,24.201745,24.201745,26.786099,25.852536,32.37622,5.939190,
2015-09-22,03:38:30,155380045311,62347,3418A,15W38,21155,38004,5311,28.76228,284.059,173.661,85.962,12.245693,2475,7,4,7,4,12.269496,7.979220,24.201715,24.201715,28.343245,27.020351,33.74897,4.986690,
2015-09-22,03:40:01,155380045453,62347,3418A,15W38,21155,38004,5453,26.15688,284.859,174.819,86.831,12.412189,2529,8,4,8,4,12.417129,8.908097,24.201730,24.201729,27.085429,26.959102,32.5163,6.359420,
2015-09-22,03:41:32,155380045473,62347,3418A,15W38,21155,38004,5473,26.46505,287.481,174.819,85.962,12.461390,2526,6,4,6,4,12.477600,8.344760,24.201805,24.201804,29.282255,28.256385,32.60035,6.135300,
2015-09-22,04:01:39,155380045483,62347,3419A,15W38,21155,38004,5483,23.27133,281.184,175.398,87.699,11.885433,2660,5,4,5,4,11.889934,9.321540,24.201756,24.201755,27.800996,26.905895,28.81831,5.546980,
2015-09-22,04:03:09,155380045503,62347,3419A,15W38,21155,38004,5503,25.62459,282.513,172.504,86.397,12.094098,2555,7,4,7,4,12.069437,7.509397,24.201671,24.201671,27.540775,26.497239,31.75989,6.135300,
2015-09-22,04:04:41,155380045513,62347,3419A,15W38,21155,38004,5513,26.0168,281.044,173.661,86.397,12.328724,2546,8,4,8,4,12.349395,8.081953,24.201750,24.201749,27.102900,25.668458,31.89997,5.883170,
2015-09-22,04:06:16,155380045523,62347,3419A,15W38,21155,38004,5523,26.60512,281.083,172.504,86.397,12.205597,2522,8,4,8,4,12.246735,7.920289,24.201700,24.201699,28.666428,27.049752,32.62836,6.023240,
2015-09-22,04:07:50,155380045532,62347,3419A,15W38,21155,38004,5532,26.29696,285.812,174.819,87.265,12.401650,2534,7,4,7,4,12.383151,9.286251,24.201691,24.201691,27.350780,26.289324,32.32019,6.023230,
2015-09-22,04:09:19,155380045542,62347,3419A,15W38,21155,38004,5542,26.68917,279.551,171.346,86.397,12.142909,2516,9,4,9,4,12.143919,7.441885,24.201765,24.201764,27.421103,25.747680,32.82447,6.135300,
2015-09-22,04:10:54,155380045552,62347,3419A,15W38,21155,38004,5552,26.99733,283.795,174.240,85.962,12.319686,2513,6,4,6,4,12.272638,8.267441,24.201738,24.201737,26.593042,25.414111,32.90851,5.911180,
2015-09-22,04:12:59,155380045562,62347,3419A,15W38,21155,38004,5562,25.96077,285.177,173.661,86.397,12.214272,2543,7,4,7,4,12.132267,8.116521,24.201659,24.201658,29.475969,27.860514,32.09607,6.135300,
2015-09-22,04:15:22,155380045571,62347,3419A,15W38,21155,38004,5571,26.7452,283.377,175.398,86.397,12.264341,2506,12,4,12,4,12.297422,7.589025,24.201677,24.201676,27.857488,26.561000,33.0766,6.331400,
2015-09-22,04:16:56,155380045575,62347,3419A,15W38,21155,38004,5575,26.52108,281.703,172.504,86.831,12.374813,2516,9,4,9,4,12.404637,7.902294,24.201759,24.201759,27.635673,26.744170,32.76844,6.247360,
2015-09-22,04:20:13,155380045441,62347,3419A,15W38,21155,38004,5441,26.381,284.174,174.240,85.962,11.906716,2545,6,4,6,4,11.878358,8.066517,24.201764,24.201763,27.592709,26.447581,31.956,5.575000,
2015-09-22,04:21:57,155380045446,62347,3419A,15W38,21155,38004,5446,26.04482,279.112,173.661,85.962,12.373538,2537,9,4,9,4,12.395494,8.128198,24.201695,24.201694,30.465328,28.512059,32.20813,6.163310,
2015-09-22,04:23:29,155380045594,62347,3419A,15W38,21155,38004,5594,27.05336,282.166,174.819,85.962,12.418153,2479,16,4,16,4,12.457712,7.222715,24.201690,24.201689,28.859549,27.375690,33.74897,6.695610,
2015-09-22,04:27:52,155380045464,62347,3418A,15W38,21155,38004,5464,25.84871,283.243,175.398,86.397,12.088976,2562,5,4,5,4,12.961083,10.232357,24.201757,24.201756,28.832661,28.020164,31.56379,5.715080,
2015-09-22,04:30:34,155380045242,62347,3419A,15W38,21155,38004,5242,26.43703,288.212,172.504,87.265,11.952252,2519,7,4,7,4,12.015975,8.315084,24.201680,24.201679,26.517237,25.453395,32.82447,6.387440,
2015-09-22,04:32:07,155380045602,62347,3419A,15W38,21155,38004,5602,25.51253,279.109,172.504,87.265,11.998182,2569,7,4,7,4,12.052010,8.701089,24.201701,24.201700,27.689431,26.560275,31.33967,5.827140,
2015-09-22,04:33:39,155380045061,62347,3419A,15W38,21155,38004,5061,26.32497,289.135,172.504,89.001,12.361760,2533,9,4,9,4,12.340861,7.287193,24.201749,24.201748,25.825561,24.551124,32.32019,5.995220,
2015-09-22,04:35:11,155380045251,62347,3419A,15W38,21155,38004,5251,26.35299,289.120,174.819,87.265,12.111817,2529,8,4,8,4,12.069589,7.034842,24.201713,24.201712,27.301968,25.513864,32.46027,6.107280,
2015-09-22,04:36:47,155380045254,62347,3419A,15W38,21155,38004,5254,26.29696,289.291,174.240,87.265,11.825073,2540,6,4,6,4,11.776343,6.743064,24.201663,24.201663,26.426854,25.090629,32.18012,5.883160,
2015-09-22,04:38:16,155380044706,62347,3419A,15W38,21155,38004,4706,27.27748,288.758,171.346,87.699,12.081758,2497,7,4,7,4,12.118905,8.930353,24.201703,24.201703,26.383245,25.430294,33.35675,6.079270,
2015-09-22,04:39:46,155380044683,62347,3419A,15W38,21155,38004,4683,27.38954,288.569,173.661,87.265,12.402637,2506,5,4,5,4,12.550738,9.252632,24.201718,24.201717,27.643895,26.799954,33.13263,5.743090,
2015-09-22,04:41:15,155380044692,62347,3419A,15W38,21155,38004,4692,26.60512,287.138,173.661,85.528,11.780931,2528,6,4,6,4,11.759032,6.590235,24.201672,24.201672,29.093946,27.379921,32.48829,5.883170,
2015-09-22,04:42:46,155380044695,62347,3419A,15W38,21155,38004,4695,25.34444,289.281,173.082,88.567,11.761961,2576,6,4,6,4,11.756505,7.988610,24.201646,24.201645,27.205091,25.642251,31.14356,5.799120,
2015-09-22,05:19:47,142280103451,62662,6007A,15W38,21142,28010,3451,25.76467,296.398,164.978,12.338730,15.414408,11.901262,15.424498,2592,1196,25,27,20,27,976,671,493,15,23,12,23,15.393049,15.394506,24.060720,24.060719,34.005723,33.417015,30.72334,4.958670,
2015-09-22,05:23:06,142280103455,62662,6007A,15W38,21142,28010,3455,25.93276,309.698,167.294,11.929382,15.393145,11.902864,15.398312,2531,1466,20,27,16,27,1177,829,629,12,16,10,16,15.367004,15.355477,24.055094,24.055094,34.064645,33.456019,32.32019,6.387430,
2015-09-22,05:24:48,142280103463,62662,6007A,15W38,21142,28010,3463,26.68917,306.353,166.136,12.035901,15.406914,12.379977,15.381362,2559,1310,20,27,17,27,1110,736,646,12,16,11,16,15.407993,15.369928,24.055029,24.055029,34.680858,34.254754,31.64783,4.958660,
2015-09-22,05:26:42,142280103473,62662,6007A,15W38,21142,28010,3473,26.43703,307.910,166.136,12.332527,15.475628,11.878088,15.363480,2422,1233,21,27,18,27,1053,721,559,13,16,11,16,15.451719,15.354451,24.060699,24.060699,34.503450,34.049380,35.03766,8.600630,
2015-09-22,05:28:42,142280103483,62662,6007A,15W38,21142,28010,3483,25.51253,306.986,167.294,12.273084,15.352803,12.459125,15.145149,2612,1241,19,27,16,27,1032,706,605,12,15,11,15,15.281288,15.116702,24.055071,24.055070,34.272002,33.748821,30.24708,4.734550,
2015-09-22,05:30:00,142280103493,62662,6007A,15W38,21142,28010,3493,26.32497,307.770,166.136,12.315526,15.438416,12.449519,15.306175,2560,1223,23,27,18,27,964,703,547,14,20,12,20,15.441629,15.305398,24.060694,24.060694,34.912270,34.180152,31.70386,5.378890,
2015-09-22,05:32:32,142280103513,62662,6007A,15W38,21142,28010,3513,26.52108,305.597,164.978,12.027038,15.487437,12.384553,15.235648,2561,1505,27,27,20,27,1153,833,684,15,27,13,27,15.453997,15.246577,24.055069,24.055069,35.759144,34.964178,31.61982,5.098740,
2015-09-22,05:33:51,142280103531,62662,6007A,15W38,21142,28010,3531,25.84871,306.398,167.294,11.927391,15.299633,11.782337,15.152143,2582,1258,20,27,16,27,982,658,520,12,16,10,16,15.279191,15.134391,24.055075,24.055075,35.286195,34.637377,31.0315,5.182790,
2015-09-22,05:35:11,142280103462,62662,6007A,15W38,21142,28010,3462,23.80361,301.114,163.242,12.459209,15.167171,12.210336,15.150321,2661,1181,20,27,17,27,995,733,588,13,17,11,17,15.170495,15.145193,24.060679,24.060678,33.980243,33.533906,28.90236,5.098750,
2015-09-22,05:36:29,142280103425,62662,6007A,15W38,21142,28010,3425,26.77321,307.757,165.557,12.268561,15.322125,12.424951,15.295881,2554,1492,25,27,20,27,1230,918,765,15,24,13,24,15.304786,15.313057,24.060621,24.060620,34.132731,33.620526,31.84394,5.070730,
2015-09-22,05:37:48,142280103546,62662,6007A,15W38,21142,28010,3546,27.36153,308.679,166.136,12.263137,15.338589,11.798821,15.189474,2521,1299,23,27,18,27,1005,757,518,14,20,11,20,15.327616,15.166844,24.060684,24.060683,34.952061,34.422187,32.79645,5.434920,
2015-09-22,05:39:08,142280103543,62662,6007A,15W38,21142,28010,3543,24.64407,302.354,163.821,11.942909,15.313384,11.839352,15.164194,2636,1236,20,27,16,27,983,670,527,12,16,10,16,15.288327,15.150041,24.060718,24.060717,34.734137,34.242018,29.5467,4.902630,
2015-09-22,05:40:27,142280103555,62662,6007A,15W38,21142,28010,3555,26.26894,308.432,166.136,12.411779,14.460099,12.220254,15.248185,14.463264,15.206664,24.240318,24.240318,38.330106,38.789825,31.98401,5.715070,
2015-09-22,05:47:51,142280103503,62662,6007A,15W38,21142,28010,3503,23.63552,301.120,164.399,12.475966,15.219781,12.499284,15.387309,2667,1331,18,27,15,27,1098,846,659,12,15,10,15,14.880696,14.911228,24.055075,24.055074,34.052423,33.595654,28.67823,5.042710,
2015-09-22,05:51:41,142280103526,62662,6007A,15W38,21142,28010,3526,26.91329,304.233,166.715,12.041862,15.219176,12.478446,15.111635,2558,1105,19,27,16,27,913,609,554,12,15,11,15,15.206434,15.124251,24.055013,24.055012,33.535066,32.970295,31.61982,4.706530,
2015-09-22,05:53:00,142280103575,62662,6007A,15W38,21142,28010,3575,26.66115,308.824,166.136,12.201081,15.407061,12.070662,15.304831,2541,1269,21,27,17,27,1018,709,528,13,17,11,17,15.362040,15.252997,24.055017,24.055017,33.622222,32.990119,32.23615,5.575000,
2015-09-22,05:54:21,142280103522,62662,6007A,15W38,21142,28010,3522,29.74281,305.984,166.136,12.319179,15.468379,12.173396,15.343470,2422,1198,21,27,17,27,974,704,549,13,16,11,16,15.458382,15.319900,24.055069,24.055068,33.115499,32.475260,35.26178,5.518970,
2015-09-22,05:55:51,142280103582,62662,6007A,15W38,21142,28010,3582,26.57711,306.822,167.294,12.046267,15.389341,12.381391,15.299984,2516,1351,26,27,20,27,1055,756,606,15,26,13,26,15.397325,15.322122,24.060668,24.060668,34.625854,33.847868,32.74043,6.163320,
2015-09-22,05:57:19,142280103563,62662,6007A,15W38,21142,28010,3563,26.66115,311.070,165.557,12.121284,15.227255,11.686788,15.014617,2538,1156,17,27,14,27,919,657,518,11,13,9,13,15.262720,15.019596,24.060692,24.060692,33.609176,32.842174,32.1521,5.490950,
2015-09-22,05:58:43,142280103445,62662,6007A,15W38,21142,28010,3445,26.24092,306.320,166.136,12.370089,15.298294,12.445628,15.269788,2576,1504,22,27,18,27,1251,947,782,14,18,12,18,15.293786,15.293189,24.055069,24.055068,34.202229,33.633314,31.17158,4.930660,
2015-09-22,06:00:02,142280103435,62662,6007A,15W38,21142,28010,3435,27.13741,306.410,167.294,12.495639,15.384289,12.298056,15.459964,2523,1271,22,27,19,27,1106,778,616,14,19,12,19,15.121437,15.137020,24.060667,24.060667,33.362999,32.826618,32.68439,5.546980,
2015-09-22,06:41:15,155380045231,62347,3419A,15W38,21155,38004,5231,25.8207,286.749,172.504,88.133,12.440573,2544,7,4,7,4,12.412266,6.627637,24.201664,24.201663,28.796105,27.327924,32.01203,6.191330,
2015-09-22,06:43:09,155380044651,62347,3419A,15W38,21155,38004,4651,26.26894,293.613,171.925,86.397,12.439570,2510,14,4,14,4,12.451508,7.464339,24.201604,24.201604,28.106119,27.059205,32.8805,6.611560,
2015-09-22,06:51:15,155380045236,62347,3419A,15W38,21155,38004,5236,25.14833,289.657,173.661,89.436,12.224563,2600,7,4,7,4,12.185353,6.976163,24.201742,24.201741,27.940685,26.420948,30.35914,5.210810,
2015-09-22,07:13:29,154980056731,62347,3433A,15W38,21154,98005,6731,25.96077,287.094,173.082,85.528,12.179481,2542,6,4,6,4,12.200176,8.257892,24.201749,24.201748,32.793304,31.713990,32.1521,6.191330,
2015-09-22,07:15:00,154980056736,62347,3433A,15W38,21154,98005,6736,26.10085,287.598,173.661,84.660,12.408964,2541,5,4,5,4,12.397252,8.572896,24.201816,24.201816,30.438832,30.504992,32.23615,6.135300,
2015-09-22,07:16:15,154980056714,62347,3433A,15W38,21154,98005,6714,26.21291,286.552,173.082,85.962,12.486485,2533,6,4,6,4,12.502928,8.858261,24.201750,24.201749,28.617641,27.718430,32.40424,6.191330,
2015-09-22,07:17:46,154980056751,62347,3433A,15W38,21154,98005,6751,26.18489,287.319,173.082,85.094,12.206439,2536,8,4,8,4,12.170995,6.776647,24.201788,24.201787,29.353624,28.184728,32.23615,6.051260,
2015-09-22,07:19:32,154980056755,62347,3433A,15W38,21154,98005,6755,26.18489,285.313,173.661,86.397,12.417686,2527,11,4,11,4,12.470860,8.007816,24.201759,24.201758,27.707699,26.817151,32.46027,6.275380,
2015-09-22,07:20:59,154980056742,62347,3433A,15W38,21154,98005,6742,26.52108,284.229,173.661,85.528,12.237085,2519,8,4,8,4,12.162913,7.667260,24.201736,24.201736,28.770641,27.570229,32.74043,6.219350,
2015-09-22,07:21:54,154980056745,62347,3433A,15W38,21154,98005,6745,25.56856,290.196,170.188,86.831,12.494613,2552,8,4,8,4,12.472069,7.356197,24.201747,24.201747,29.102173,27.382771,31.84394,6.275380,
2015-09-22,07:23:48,154980056725,62347,3433A,15W38,21154,98005,6725,26.96932,290.269,174.240,85.528,12.479367,2500,8,4,8,4,12.457705,6.802215,24.201748,24.201748,33.318703,32.643052,33.27271,6.303390,
2015-09-22,07:25:19,154980056784,62347,3433A,15W38,21154,98005,6784,26.381,284.902,173.082,85.962,12.434890,2516,10,4,10,4,12.444054,8.166672,24.201750,24.201749,29.164356,28.007057,32.82447,6.443470,
2015-09-22,07:26:56,154980056773,62347,3433A,15W38,21154,98005,6773,26.49306,285.127,172.504,86.397,11.994048,2524,7,4,7,4,12.003849,6.823229,24.201790,24.201790,28.499534,27.237800,32.62836,6.135300,
2015-09-22,07:28:46,154980056785,62347,3433A,15W38,21154,98005,6785,30.38716,288.527,173.661,85.094,12.259074,2432,6,4,6,4,12.250173,7.642722,24.201705,24.201705,30.052216,28.859890,34.95361,4.566450,
2015-09-22,07:31:13,154980056705,62347,3433A,15W38,21154,98005,6705,25.37246,287.473,171.346,85.962,12.077288,2558,7,4,7,4,12.063596,7.234339,24.201718,24.201717,34.784225,34.591638,31.73188,6.359420,
2015-09-22,07:32:43,154980056765,62347,3433A,15W38,21154,98005,6765,26.80123,285.249,171.925,86.397,12.381022,2507,9,4,9,4,12.316381,7.056293,24.201723,24.201722,28.519011,26.889403,33.13263,6.331400,
2015-09-22,07:34:16,154980056795,62347,3433A,15W38,21154,98005,6795,26.71718,284.062,171.346,87.699,12.390059,2525,5,4,5,4,13.012347,9.651750,24.201719,24.201719,27.878043,26.851845,32.60035,5.883170,
2015-09-22,07:44:17,142080135932,62662,6008A,15W38,21142,08013,5932,20.97409,300.619,167.294,12.273135,15.368202,12.069548,15.260027,2754,1477,25,27,19,27,1157,884,642,15,23,12,23,15.147229,14.932322,24.060733,24.060732,33.681982,32.781456,26.24092,5.266830,
2015-09-22,07:52:43,142080136611,62662,6008A,15W38,21142,08013,6611,26.18489,306.952,163.821,12.182818,15.207574,11.690778,15.023777,2562,1174,17,27,14,27,943,666,493,11,14,9,14,15.192581,15.031668,24.055060,24.055059,33.725807,32.476321,31.56379,5.378900,
2015-09-22,07:55:28,142080136603,62662,6008A,15W38,21142,08013,6603,26.40902,307.527,167.294,12.296351,15.324025,12.263506,15.283360,2563,1292,21,27,17,27,1055,780,611,13,18,11,18,15.026795,14.892720,24.060721,24.060721,34.683951,33.935361,31.61982,5.210800,
2015-09-22,07:56:25,142080136606,62662,6008A,15W38,21142,08013,6606,26.77321,309.178,167.294,12.376994,15.305397,12.092979,15.396183,2550,1174,19,27,16,27,979,689,517,12,16,10,16,15.289926,15.399440,24.060634,24.060634,34.792335,34.432258,31.956,5.182790,
2015-09-22,07:57:43,142080136615,62662,6008A,15W38,21142,08013,6615,24.70009,304.518,164.978,12.172574,15.485011,12.494164,15.204451,2623,1039,16,27,13,27,796,530,462,10,13,9,13,15.046415,14.078847,24.060708,24.060707,33.496899,32.540557,29.82685,5.126760,
2015-09-22,08:06:50,142080136621,62662,6008A,15W38,21142,08013,6621,23.35537,307.474,164.399,12.034943,15.366134,11.784434,15.482572,2668,1079,18,27,15,27,879,569,457,11,14,9,14,15.337443,15.013325,24.060724,24.060724,34.257535,33.687590,28.73426,5.378890,
2015-09-22,08:08:24,142080136631,62662,6008A,15W38,21142,08013,6631,28.87434,310.510,166.715,12.155735,15.201937,11.894441,15.132815,2503,1291,17,27,14,27,1032,748,547,11,14,9,14,15.169045,14.657204,24.060708,24.060708,34.648682,33.996037,32.99256,4.118220,
2015-09-22,08:09:54,142080136642,62662,6008A,15W38,21142,08013,6642,26.96932,310.612,164.399,11.863470,15.237592,12.150143,15.461618,2544,1156,18,27,16,27,1018,619,550,11,14,10,14,14.881998,15.084626,24.055073,24.055073,33.585482,33.321076,32.06806,5.098740,
2015-09-22,08:11:14,142080136663,62662,6008A,15W38,21142,08013,6663,26.15688,307.349,163.821,12.061652,15.405537,11.906415,15.407195,2573,1262,22,27,18,27,1032,693,521,13,19,11,19,15.185072,15.045177,24.055088,24.055087,35.158294,34.318209,31.31165,5.154770,
2015-09-22,08:14:04,142080136664,62662,6008A,15W38,21142,08013,6664,25.54055,301.699,166.715,12.474849,15.219039,12.212218,15.080450,2602,1277,18,27,15,27,1061,818,639,12,15,10,15,15.212922,15.069917,24.060663,24.060663,35.985644,34.673930,30.49922,4.958670,
2015-09-22,08:15:30,142080136654,62662,6008A,15W38,21142,08013,6654,25.73665,307.499,164.399,12.468082,15.338345,11.990398,15.422869,2582,1285,22,27,18,27,1062,797,555,14,19,11,19,15.093880,15.137574,24.055132,24.055131,33.920322,33.271507,31.08753,5.350880,
2015-09-22,08:17:10,142080136674,62662,6008A,15W38,21142,08013,6674,26.18489,304.415,164.978,12.122318,15.243789,11.873713,15.289647,2578,1154,19,27,16,27,963,651,524,12,16,10,16,15.224947,15.273887,24.060706,24.060706,33.903147,33.268583,31.11555,4.930660,
2015-09-22,08:18:49,142080136683,62662,6008A,15W38,21142,08013,6683,26.43703,308.437,166.715,12.090414,15.163966,12.492757,14.852161,2554,1485,24,26,23,26,1430,848,848,14,21,14,21,15.142256,15.216247,24.240288,24.240287,37.741965,37.610229,31.78791,5.350880,
2015-09-22,08:20:42,142080136694,62662,6008A,15W38,21142,08013,6694,26.99733,295.717,166.136,12.149552,15.483222,11.853632,15.169420,2548,1198,20,27,16,27,943,639,511,12,16,10,16,15.449145,15.158364,24.060682,24.060681,33.716822,32.831182,31.92798,4.930650,
2015-09-22,08:22:12,142080136712,62662,6008A,15W38,21142,08013,6712,26.10085,307.231,166.136,11.857735,15.234167,12.469630,15.452880,2573,1199,18,27,15,27,997,660,580,11,14,10,14,15.219063,15.452971,24.060726,24.060725,33.249837,32.911830,31.28364,5.182790,
2015-09-22,08:24:10,142080136726,62662,6008A,15W38,21142,08013,6726,26.99733,306.832,166.136,12.108139,15.490108,12.317457,15.338630,2537,1268,22,27,17,27,976,708,554,13,18,11,18,15.470133,15.291507,24.060699,24.060698,33.360147,32.396050,32.32019,5.322860,
2015-09-22,08:25:29,142080136745,62662,6008A,15W38,21142,08013,6745,26.71718,308.956,166.136,11.970141,15.398669,11.937731,15.393359,2551,1183,20,27,16,27,923,603,470,12,16,10,16,15.381736,15.374198,24.055084,24.055083,33.715486,32.871815,31.956,5.238820,
2015-09-22,08:26:22,142080136732,62662,6008A,15W38,21142,08013,6732,26.96932,309.623,163.821,12.489882,15.394790,12.321004,15.180461,2545,1246,19,27,15,27,978,748,549,12,15,10,15,15.420786,15.215534,24.055105,24.055104,34.154220,33.094707,32.09607,5.126750,
2015-09-22,08:27:41,142080136736,62662,6008A,15W38,21142,08013,6736,27.05336,307.755,167.294,11.968287,15.397228,12.366072,15.350818,2546,1400,20,27,15,27,1035,786,588,12,16,10,16,15.391586,15.311366,24.055055,24.055054,34.535381,33.447150,32.06806,5.014700,
2015-09-22,08:31:26,142080136735,62662,6008A,15W38,21142,08013,6735,25.20437,307.751,166.715,12.434157,15.436420,12.074775,15.321155,2605,1297,22,27,17,27,1012,774,567,14,18,11,18,15.161499,14.944367,24.060720,24.060720,33.946438,32.987851,30.38716,5.182790,
2015-09-22,08:32:54,142080136735,62662,6008A,15W38,21142,08013,6735,28.51014,318.263,165.557,12.170944,15.364228,11.836858,15.399297,2512,1342,23,27,18,27,1059,773,559,14,20,11,20,15.355620,15.371645,24.055090,24.055089,34.591188,34.210703,32.79645,4.286310,
2015-09-22,08:34:13,142080136735,62662,6008A,15W38,21142,08013,6735,30.24708,318.985,164.399,12.091697,15.307754,12.442716,15.333493,2457,1336,23,27,18,27,1056,773,616,14,20,12,20,15.310092,15.337061,24.055078,24.055078,34.491830,33.929550,34.25324,4.006160,
2015-09-22,08:35:33,142080136815,62662,6008A,15W38,21142,08013,6815,27.44557,307.247,166.136,12.023589,15.433199,12.027231,15.443417,2523,1499,27,27,20,27,1151,831,603,15,27,12,27,15.243310,14.789704,24.054995,24.054995,34.567936,33.620970,32.74043,5.294860,
2015-09-22,08:36:54,142080136825,62662,6008A,15W38,21142,08013,6825,27.36153,304.373,164.978,12.305213,15.262824,12.291101,15.457442,2528,1623,27,27,21,27,1312,990,768,16,27,13,27,15.121215,15.152557,24.055107,24.055107,34.269309,33.472236,32.48829,5.126760,
2015-09-22,08:38:15,142080136826,62662,6008A,15W38,21142,08013,6826,26.68917,306.289,163.821,12.345236,15.473493,12.286995,15.370473,2549,1511,26,27,19,27,1152,892,650,15,23,12,23,15.450814,15.375340,24.060626,24.060626,34.807686,33.829264,31.92798,5.238810,
2015-09-22,08:39:35,142080136842,62662,6008A,15W38,21142,08013,6842,26.43703,307.640,165.557,12.100633,15.318975,12.119016,15.299320,2564,1386,26,27,21,27,1145,769,609,15,26,13,26,15.367157,15.284874,24.055085,24.055084,33.666725,33.085573,31.56379,5.126760,
2015-09-22,08:40:25,142080136852,62662,6008A,15W38,21142,08013,6852,26.80123,309.462,163.821,12.184682,15.287792,12.069305,15.241796,2552,1294,21,27,17,27,1052,762,591,13,18,11,18,15.007000,14.831279,24.054997,24.054996,33.644259,32.548268,31.84394,5.042710,
2015-09-22,08:41:44,142080136862,62662,6008A,15W38,21142,08013,6862,26.46505,303.791,165.557,12.247814,15.333044,12.359187,15.307006,2557,1297,21,27,17,27,1053,768,600,13,18,11,18,15.276907,15.308836,24.055009,24.055008,33.727362,33.094257,31.81592,5.350870,
2015-09-22,08:43:03,142080136864,62662,6008A,15W38,21142,08013,6864,27.16542,304.597,163.821,11.837136,15.196532,12.167906,15.115269,2538,1208,18,27,15,27,995,658,565,11,14,10,14,15.194398,15.106661,24.060672,24.060671,34.086323,33.379426,32.29218,5.126760,
2015-09-22,08:44:41,142080136892,62662,6008A,15W38,21142,08013,6892,27.33351,309.426,166.136,12.425278,15.469745,11.884016,15.258858,2525,1292,23,27,18,27,1014,759,535,14,20,11,20,15.465369,15.217195,24.060661,24.060660,33.408362,32.530238,32.71241,5.378900,
2015-09-22,08:46:00,142080136896,62662,6008A,15W38,21142,08013,6896,27.10939,310.796,164.978,12.114085,13.685784,12.389696,14.268100,13.650050,14.314351,24.240237,24.240240,36.393451,36.696982,32.43225,5.322860,
2015-09-22,08:46:57,142080136904,62662,6008A,15W38,21142,08013,6904,27.02535,308.105,164.978,12.248477,15.339031,11.919577,15.284074,2544,1221,19,27,16,27,1011,700,526,12,15,10,15,15.286056,15.303187,24.055060,24.055060,33.448342,32.880937,32.18012,5.154770,
2015-09-22,08:49:32,142080136911,62662,6008A,15W38,21142,08013,6911,26.0168,306.972,163.242,12.083370,15.459139,12.026768,15.433496,2577,1229,22,26,18,26,1015,666,548,13,18,11,18,15.443632,15.393257,24.055068,24.055067,33.440682,32.861735,31.22761,5.210810,
2015-09-22,08:50:51,142080136923,62662,6008A,15W38,21142,08013,6923,26.60512,309.847,166.715,12.438787,15.258204,12.179895,15.196278,2559,1114,20,27,17,27,940,667,530,13,17,11,17,15.200594,15.164291,24.060661,24.060660,32.828240,32.184854,31.67585,5.070730,
2015-09-22,08:52:11,142080136943,62662,6008A,15W38,21142,08013,6943,26.77321,308.918,166.136,12.461087,15.336010,11.823385,15.275615,2547,1118,22,27,18,27,911,678,494,14,19,11,19,15.285484,15.226974,24.055086,24.055085,33.047895,32.343386,32.01203,5.238820,
2015-09-22,08:54:06,142080136933,62662,6008A,15W38,21142,08013,6933,27.3055,309.024,166.715,12.002049,15.094604,11.792000,15.024639,2530,1501,24,27,22,27,1380,861,783,14,22,13,22,15.447310,14.760038,24.240275,24.240271,36.508408,36.527782,32.48829,5.182790,
2015-09-22,08:55:26,142080136962,62662,6008A,15W38,21142,08013,6962,26.80123,305.234,166.715,12.339719,15.312078,12.360277,15.343304,2554,1217,21,27,17,27,998,731,574,13,18,11,18,15.013930,14.993215,24.060684,24.060684,33.316952,32.591176,31.84394,5.042710,
2015-09-22,08:56:45,142080136966,62662,6008A,15W38,21142,08013,6966,27.16542,308.172,165.557,12.127219,15.308874,12.127027,15.329622,2539,1194,23,27,19,27,997,663,542,14,20,12,20,15.269971,15.315687,24.055035,24.055034,33.698236,33.114501,32.20813,5.042710,
2015-09-22,08:59:39,142080137012,62662,6008A,15W38,21142,08013,7012,26.80123,303.440,165.557,12.145298,15.198688,11.983107,15.355509,2548,1359,21,27,18,27,1173,821,647,13,18,11,18,14.930951,14.984405,24.055056,24.055055,33.140666,32.630670,32.04004,5.238810,
2015-09-22,09:01:59,142080137024,62662,6008A,15W38,21142,08013,7024,27.05336,305.236,163.242,12.490417,15.388594,11.972567,15.405420,2539,1129,24,27,20,27,930,634,475,15,22,12,22,15.353174,15.378052,24.055030,24.055030,33.821140,33.427958,32.26416,5.210800,
2015-09-22,09:03:18,142080136702,62662,6008A,15W38,21142,08013,6702,27.36153,300.117,164.399,12.485082,15.415992,12.446145,15.255782,2531,1172,20,27,16,27,932,711,543,13,16,11,16,15.395679,15.247405,24.060691,24.060690,34.080210,33.195579,32.48829,5.126760,
2015-09-22,09:04:55,142080136885,62662,6008A,15W38,21142,08013,6885,27.38954,306.871,166.715,12.347990,15.323026,12.479259,15.408195,2526,1273,24,27,20,27,1071,755,603,15,23,13,23,15.290150,15.432338,24.060620,24.060620,33.437910,32.935259,32.65638,5.266840,
2015-09-22,09:06:25,142080136976,62662,6008A,15W38,21142,08013,6976,27.38954,306.582,163.242,12.241908,15.256867,11.978209,15.345272,2529,1222,21,27,18,27,1040,698,545,13,18,11,18,15.209244,15.326283,24.055091,24.055091,32.975906,32.568265,32.54432,5.154780,
2015-09-22,09:08:16,142080137036,62662,6008A,15W38,21142,08013,7036,27.19344,305.680,164.399,12.217977,15.389113,12.109637,15.453291,2533,1304,26,27,20,27,1021,736,524,15,26,12,26,15.386542,15.455164,24.060640,24.060640,34.529206,33.811148,32.40424,5.210800,
2015-09-22,09:11:41,142080137001,62662,6008A,15W38,21142,08013,7001,26.40902,306.663,166.136,12.191381,15.258610,11.903651,15.263869,2569,1169,21,27,18,27,993,669,521,13,18,11,18,15.241820,15.271343,24.060689,24.060688,32.483413,32.010904,31.42371,5.014690,
2015-09-22,09:19:54,142080137005,62662,6008A,15W38,21142,08013,7005,25.54055,300.213,162.663,12.020932,15.404937,11.858542,15.283208,2589,1247,22,27,18,27,1020,677,555,13,18,11,18,15.370616,15.278988,24.060720,24.060719,33.798699,33.166167,30.80738,5.266830,
2015-09-22,09:21:19,142080136985,62662,6008A,15W38,21142,08013,6985,26.24092,307.331,166.136,12.208898,15.346591,12.171565,15.229071,2570,1228,23,27,19,27,1004,681,537,14,20,12,20,15.102602,14.899165,24.055093,24.055093,33.370219,32.471623,31.36768,5.126760,
2015-09-22,09:22:17,142080136706,62662,6008A,15W38,21142,08013,6706,23.13125,318.404,165.557,12.473286,15.486577,12.401175,15.272718,2675,1258,19,27,15,27,974,729,561,12,15,10,15,15.471999,15.229978,24.060753,24.060752,33.677349,32.661705,28.48213,5.350880,
2015-09-22,09:23:55,142080137056,62662,6008A,15W38,21142,08013,7056,24.72811,306.027,164.978,11.995870,15.274397,12.474902,15.427794,2630,1140,21,27,18,27,978,647,571,13,18,12,18,15.240331,15.393410,24.060659,24.060658,33.203122,32.796163,29.68678,4.958670,
2015-09-22,09:25:19,142080136806,62662,6008A,15W38,21142,08013,6806,24.84017,316.971,166.715,12.185863,15.360291,12.062106,15.474597,2618,1225,21,27,18,27,1052,709,560,13,17,11,17,15.319910,15.493169,24.060628,24.060628,33.723448,33.296973,30.05098,5.210810,
2015-09-22,09:26:37,142080137066,62662,6008A,15W38,21142,08013,7066,26.12886,307.620,167.294,12.179239,15.466443,12.167204,15.454985,2572,1351,20,27,16,27,1076,758,575,12,15,10,15,15.492081,15.432099,24.055111,24.055110,34.010609,33.259115,31.33967,5.210810,
2015-09-22,09:28:10,142080137096,62662,6008A,15W38,21142,08013,7096,26.91329,310.013,167.294,12.415346,15.176146,12.013425,15.031640,2539,1080,15,25,12,25,838,652,478,10,12,8,12,15.154570,14.397896,24.055029,24.055028,33.265353,32.342528,32.29218,5.378890,
2015-09-22,09:29:31,142080137104,62662,6008A,15W38,21142,08013,7104,27.3055,305.447,164.399,12.298875,15.449697,12.159524,15.295387,2531,1208,21,27,17,27,973,700,540,13,17,11,17,15.432737,15.265402,24.055037,24.055036,32.814876,32.026865,32.46027,5.154770,
2015-09-22,09:30:51,142080137151,62662,6008A,15W38,21142,08013,7151,26.49306,303.369,166.136,12.254065,15.317677,12.380628,15.450263,2560,1228,23,27,19,27,1019,720,585,14,20,12,20,15.068317,15.110449,24.055102,24.055101,33.594967,32.928501,31.64783,5.154770,
2015-09-22,09:32:10,142080137156,62662,6008A,15W38,21142,08013,7156,26.88527,306.798,164.399,12.462103,15.203612,12.346088,15.219271,2546,1170,18,26,15,26,951,698,535,12,14,10,14,15.202115,15.199901,24.055097,24.055096,33.606545,32.953308,32.04004,5.154770,
2015-09-22,09:33:29,142080137184,62662,6008A,15W38,21142,08013,7184,27.16542,310.060,166.136,11.914870,15.336195,12.290243,15.382339,2538,1095,20,27,17,27,930,593,515,12,17,11,17,15.308963,15.376625,24.060646,24.060645,32.807737,32.286529,32.32019,5.154770,
2015-09-22,09:34:51,142080137173,62662,6008A,15W38,21142,08013,7173,26.77321,306.288,166.715,12.057435,15.431858,11.895687,15.381230,2554,1147,22,27,18,27,936,599,475,13,19,11,19,15.129805,14.961204,24.060660,24.060660,33.975002,33.176997,31.81592,5.042710,
2015-09-22,09:36:01,142080137176,62662,6008A,15W38,21142,08013,7176,27.24947,305.740,165.557,12.416608,15.279025,12.285412,15.354601,2542,1146,20,27,17,27,971,688,537,13,17,11,17,15.212613,15.360406,24.060652,24.060651,33.472775,32.883152,32.1521,4.902630,
2015-09-22,09:37:19,142080136266,62662,6008A,15W38,21142,08013,6266,26.46505,311.467,164.978,12.162248,15.268988,11.978379,15.001615,2555,1063,19,27,15,27,810,592,474,12,15,10,15,15.246243,14.996812,24.060685,24.060684,33.106599,32.231048,31.89997,5.434920,
2015-09-22,09:38:38,142080136273,62662,6008A,15W38,21142,08013,6273,27.69771,309.195,165.557,11.786439,15.237524,12.145622,15.370031,2513,1159,16,27,14,27,978,601,531,10,13,9,13,15.221678,14.894408,24.055029,24.055029,32.995538,32.707542,32.96454,5.266830,
2015-09-22,09:40:02,142080136373,62662,6008A,15W38,21142,08013,6373,26.71718,307.997,166.715,12.238448,15.326775,12.282460,15.363592,2553,1430,22,27,16,27,1033,828,575,13,18,10,18,15.339511,15.355823,24.055071,24.055070,35.453392,34.838738,31.89997,5.182790,
2015-09-22,09:41:55,142080136392,62662,6008A,15W38,21142,08013,6392,27.22145,308.582,165.557,12.230235,15.359644,11.979465,15.441375,2536,1082,19,27,16,27,905,615,485,12,15,10,15,15.309053,15.431091,24.060622,24.060621,34.779634,34.335318,32.29218,5.070730,
2015-09-22,09:42:54,142080136393,62662,6008A,15W38,21142,08013,6393,26.381,309.586,164.399,12.116594,15.429828,12.459190,15.164856,2570,1049,16,27,13,27,814,541,468,10,12,9,12,15.396248,14.649510,24.060685,24.060684,34.424505,33.549617,31.36768,4.986680,
2015-09-22,09:44:27,142080136382,62662,6008A,15W38,21142,08013,6382,26.85726,304.826,164.399,12.094193,15.440307,11.994927,15.265403,2552,1146,20,27,16,27,889,607,493,12,16,10,16,15.433211,15.227448,24.055076,24.055075,34.277840,33.532454,31.87195,5.014690,
2015-09-22,09:47:16,142080136383,62662,6008A,15W38,21142,08013,6383,25.17635,304.541,164.399,12.396135,15.216981,12.225596,15.338116,2608,1255,17,27,14,27,1014,742,567,11,14,9,14,14.818474,14.835087,24.055159,24.055158,34.122129,33.344580,30.30311,5.126760,
2015-09-22,09:48:39,142080136402,62662,6008A,15W38,21142,08013,6402,26.381,305.229,166.715,12.159969,15.446817,11.783281,15.122453,2549,1349,18,27,14,27,1052,783,575,11,15,9,15,15.390986,15.124892,24.055067,24.055066,34.862108,33.954704,32.04004,5.659040,
2015-09-22,09:52:44,142080136412,62662,6008A,15W38,21142,08013,6412,26.63314,308.493,166.136,12.102487,15.363854,11.794143,15.478609,2551,1252,18,27,15,27,1035,668,511,11,14,9,14,15.329290,15.458941,24.060692,24.060691,35.143430,34.750053,31.81592,5.182780,
2015-09-22,09:54:11,142080136415,62662,6008A,15W38,21142,08013,6415,26.24092,300.481,164.399,12.127879,15.396113,12.009474,15.082249,2571,1320,18,27,14,27,988,725,528,11,14,9,14,15.053409,14.611951,24.060712,24.060711,35.216241,34.200747,31.36768,5.126760,
2015-09-22,09:55:26,142080136423,62662,6008A,15W38,21142,08013,6423,26.49306,305.524,164.978,12.273769,15.272635,12.072813,15.330247,2561,1087,17,27,14,27,846,595,464,11,14,9,14,15.295559,15.338350,24.055032,24.055031,35.492859,34.850447,31.67585,5.182790,
2015-09-22,09:56:46,142080136434,62662,6008A,15W38,21142,08013,6434,26.9413,307.822,166.715,11.866382,15.130566,12.298325,15.035708,2543,1056,16,27,13,27,811,558,488,10,13,9,13,15.117351,14.483844,24.055085,24.055084,34.377922,33.546789,32.1521,5.210800,
2015-09-22,09:58:09,142080136445,62662,6008A,15W38,21142,08013,6445,27.36153,308.904,164.399,12.076263,15.177590,11.940449,15.346184,2526,1196,19,27,16,27,989,671,499,12,15,10,15,15.173075,15.348034,24.055046,24.055046,34.724416,34.159266,32.68439,5.322860,
2015-09-22,10:01:37,142080136453,62662,6008A,15W38,21142,08013,6453,26.18489,307.893,164.978,12.457488,15.472259,12.064569,15.379735,2576,1196,23,27,18,27,919,661,498,14,20,11,20,15.192379,15.050030,24.054985,24.054984,34.197660,33.243267,31.22761,5.042720,
2015-09-22,10:02:57,142080136462,62662,6008A,15W38,21142,08013,6462,26.60512,305.108,167.294,12.415957,15.388575,12.371729,15.233815,2553,1194,20,27,16,27,952,713,553,13,16,11,16,15.085302,14.653512,24.055143,24.055142,34.297584,33.118403,31.87195,5.266830,
2015-09-22,10:04:25,142080136472,62662,6008A,15W38,21142,08013,6472,26.85726,307.535,167.294,12.433758,15.404574,12.105944,15.415013,2545,1015,17,27,14,27,814,554,431,11,14,9,14,15.395785,15.407798,24.055046,24.055045,34.882327,34.276268,32.09607,5.238810,
2015-09-22,10:07:03,142080136485,62662,6008A,15W38,21142,08013,6485,27.19344,304.748,166.715,12.244967,15.322934,11.967928,15.303874,2533,1217,17,27,14,27,972,703,540,11,13,9,13,15.343230,15.271873,24.055064,24.055064,33.789120,32.969758,32.46027,5.266830,
2015-09-22,10:08:30,
2015-09-22,10:09:42,142080136513,62662,6008A,15W38,21142,08013,6513,26.32497,313.317,165.557,12.447666,15.294237,11.802881,15.203612,2566,1104,20,27,16,27,859,642,464,13,16,10,16,15.261217,15.217933,24.055052,24.055052,34.477361,33.633516,31.45173,5.126760,
2015-09-22,10:11:46,142080136516,62662,6008A,15W38,21142,08013,6516,26.60512,307.609,163.242,12.202142,15.327918,11.647421,15.395973,2555,1059,17,27,15,27,899,572,440,11,13,9,13,14.946537,14.959470,24.060650,24.060650,34.378933,33.946385,31.84394,5.238820,
2015-09-22,10:13:07,142080136514,62662,6008A,15W38,21142,08013,6514,24.56002,299.990,166.715,11.925205,15.410794,12.171275,15.107323,2630,1134,18,27,15,27,919,596,530,11,14,10,14,15.388840,15.099976,24.060647,24.060647,34.970043,34.092207,29.79884,5.238820,
2015-09-22,10:14:26,142080136482,62662,6008A,15W38,21142,08013,6482,36.07421,323.548,164.399,11.994745,15.326275,11.789582,15.438117,2255,1320,23,26,17,26,992,736,501,13,19,10,19,15.268215,15.421035,24.060559,24.060559,33.690980,32.957972,39.83225,3.758040,
2015-09-22,10:15:47,142080136535,62662,6008A,15W38,21142,08013,6535,26.71718,299.064,165.557,12.478615,15.349743,12.351258,15.394960,2553,1221,20,27,17,27,1038,747,576,13,16,11,16,15.301704,15.424949,24.055106,24.055106,34.801713,34.315521,31.89997,5.182790,
2015-09-22,10:17:06,142080136546,62662,6008A,15W38,21142,08013,6546,27.02535,307.079,165.557,12.028577,15.474426,12.126454,15.148254,2545,1120,20,27,15,27,802,576,441,12,16,10,16,15.475073,15.171980,24.055071,24.055070,34.806144,33.594224,32.12409,5.098740,
2015-09-22,10:18:27,142080136556,62662,6008A,15W38,21142,08013,6556,26.82924,302.677,165.557,12.366465,15.494637,12.481973,15.403725,2553,1269,21,27,17,27,1031,742,586,13,17,11,17,15.190794,15.014102,24.055055,24.055054,33.987987,33.063435,31.84394,5.014700,
2015-09-22,10:19:45,142080136531,62662,6008A,15W38,21142,08013,6531,26.15688,319.615,166.136,11.966753,15.338324,12.300533,15.232484,2572,1191,18,27,15,27,982,641,561,11,14,10,14,15.347223,15.266766,24.060748,24.060747,34.780968,34.041129,31.36768,5.210800,
2015-09-22,10:21:06,142080136565,62662,6008A,15W38,21142,08013,6565,26.18489,306.868,166.715,12.296041,15.326534,11.929365,15.216821,2570,1194,17,27,14,27,953,670,517,11,14,9,14,15.322090,15.217131,24.055024,24.055023,33.892015,33.140766,31.42371,5.238820,
2015-09-22,10:22:26,142080136584,62662,6008A,15W38,21142,08013,6584,26.82924,303.869,166.136,12.006256,15.330599,11.836381,15.182088,2557,1107,20,27,16,27,865,581,459,12,17,10,17,15.309829,15.140434,24.060701,24.060700,32.984563,32.268660,31.70386,4.874620,
2015-09-22,10:23:45,142080136592,62662,6008A,15W38,21142,08013,6592,26.24092,309.020,166.715,12.190545,15.152959,11.713131,15.406313,2572,1246,17,27,15,27,1082,749,573,11,14,9,14,15.148500,15.428967,24.055094,24.055094,33.920576,33.003688,31.3957,5.154780,
2015-09-22,10:25:05,142080137145,62662,6008A,15W38,21142,08013,7145,27.36153,303.573,164.978,12.092060,15.184340,11.881786,15.303232,2532,1170,19,27,16,27,977,670,514,12,16,10,16,15.154792,15.321943,24.055042,24.055041,33.153667,32.642643,32.46027,5.098740,
2015-09-22,10:26:23,142080137433,62662,6008A,15W38,21142,08013,7433,26.9413,306.835,166.715,12.169312,15.315056,11.852731,15.249575,2549,1171,19,27,16,27,979,687,527,12,15,10,15,15.263779,15.235678,24.055055,24.055054,33.143437,32.472301,32.01203,5.070730,
2015-09-22,10:27:42,142080137293,62662,6008A,15W38,21142,08013,7293,26.68917,311.477,166.715,12.328584,15.245290,12.101268,15.253524,2556,1275,20,27,17,27,1082,804,636,13,17,11,17,15.229360,15.263506,24.060719,24.060718,33.642243,33.084968,31.73188,5.042710,
2015-09-22,10:29:02,142080137113,62662,6008A,15W38,21142,08013,7113,26.82924,308.994,166.136,12.160327,15.303057,12.283927,15.375303,2552,1138,21,27,17,27,906,619,474,13,18,11,18,15.259859,15.348433,24.055023,24.055023,33.781445,33.150664,31.89997,5.070730,
2015-09-22,10:30:34,142080137115,62662,6008A,15W38,21142,08013,7115,26.54909,305.563,166.715,12.171852,15.438809,12.151248,15.445064,2557,1227,22,27,18,27,1011,691,557,13,18,11,18,15.394764,15.433184,24.055074,24.055074,33.981396,33.356850,31.75989,5.210800,
2015-09-22,10:34:31,142080137122,62662,6008A,15W38,21142,08013,7122,26.381,305.177,164.399,12.346898,15.285981,11.861543,15.422850,2561,1318,22,27,18,27,1083,793,570,14,19,11,19,15.262034,15.365625,24.060701,24.060700,34.189193,33.629507,31.61982,5.238820,
2015-09-22,10:35:57,142080137274,62662,6008A,15W38,21142,08013,7274,26.77321,308.186,165.557,12.383412,15.354120,12.255073,15.229554,2556,1276,23,27,17,27,952,765,547,14,20,11,20,15.328358,15.203259,24.060766,24.060765,34.100574,33.167025,31.78791,5.014700,
2015-09-22,10:37:16,142080137454,62662,6008A,15W38,21142,08013,7454,26.85726,309.187,164.399,12.339023,15.311028,12.138775,15.275761,2555,1248,19,27,16,27,1043,766,584,12,15,10,15,15.298062,15.267643,24.055071,24.055070,34.837879,34.502103,31.84394,4.986680,
2015-09-22,10:38:36,142080137276,62662,6008A,15W38,21142,08013,7276,26.52108,308.359,167.294,11.918777,15.291980,11.860209,15.172075,2559,1256,20,27,16,27,978,675,518,12,16,10,16,15.298017,15.120689,24.055051,24.055050,34.067574,33.444217,31.75989,5.238810,
2015-09-22,10:39:56,142080137452,62662,6008A,15W38,21142,08013,7452,26.04482,309.710,165.557,12.053570,15.354240,12.139788,15.454660,2576,1344,22,27,18,27,1108,749,589,13,18,11,18,15.337967,15.414279,24.055087,24.055086,34.009555,33.428272,31.28364,5.238820,
2015-09-22,10:41:23,142080137403,62662,6008A,15W38,21142,08013,7403,26.49306,307.091,165.557,12.100768,15.374440,12.071534,15.345120,2567,1407,20,27,16,27,1123,791,593,12,16,10,16,15.053076,14.915477,24.060673,24.060673,33.763002,32.977987,31.47974,4.986680,
2015-09-22,10:42:43,142080137471,62662,6008A,15W38,21142,08013,7471,26.49306,305.175,163.242,11.910173,15.245232,11.996897,15.299125,2567,1335,20,27,16,27,1057,765,576,12,16,10,16,15.245991,15.299845,24.055050,24.055049,32.799250,32.266509,31.47974,4.986680,
2015-09-22,10:45:11,142080137472,62662,6008A,15W38,21142,08013,7472,25.12032,304.242,164.978,12.024628,15.174737,12.386926,15.334638,2614,1368,19,27,15,27,1050,807,603,12,15,10,15,15.154641,15.314980,24.055066,24.055065,33.486503,32.830477,30.24708,5.126760,
2015-09-22,10:47:09,142080137474,62662,6008A,15W38,21142,08013,7474,24.81215,305.638,166.715,12.331242,15.435174,12.256718,15.268928,2625,1367,21,27,17,27,1095,792,619,13,16,11,16,15.413132,15.262034,24.060778,24.060777,33.567232,32.784381,29.85487,5.042720,
2015-09-22,10:49:00,142080137493,62662,6008A,15W38,21142,08013,7493,27.61366,309.254,166.715,12.457169,15.362885,12.170876,15.435883,2515,1171,17,27,14,27,952,674,510,11,13,9,13,15.335633,14.967903,24.060695,24.060695,34.025607,33.426165,32.8805,5.266840,
2015-09-22,10:50:06,142080137496,62662,6008A,15W38,21142,08013,7496,27.69771,298.150,166.136,12.393827,15.246422,12.468932,15.267488,2524,1237,18,27,15,27,1001,746,577,12,14,10,14,15.217859,15.282016,24.055066,24.055066,35.098139,34.495308,32.62836,4.930650,
2015-09-22,10:51:59,142080137511,62662,6008A,15W38,21142,08013,7511,27.66969,309.320,167.294,12.430112,15.338526,11.786452,15.328363,2511,1116,20,27,16,27,877,643,461,13,16,10,16,15.359370,15.322724,24.055094,24.055093,33.921853,33.041887,33.10462,5.434930,
2015-09-22,10:53:47,142080137515,62662,6008A,15W38,21142,08013,7515,27.3055,310.260,164.399,12.037655,15.438808,12.448243,15.342149,2540,1123,18,27,15,27,918,604,539,11,14,10,14,15.410248,15.347651,24.054991,24.054990,33.779853,32.423490,32.18012,4.874620,
2015-09-22,10:56:15,142080137533,62662,6008A,15W38,21142,08013,7533,26.35299,303.922,164.978,12.058868,15.384446,12.163754,15.356720,2566,1344,24,27,19,27,1082,741,581,14,21,12,21,15.202254,15.020338,24.060613,24.060612,33.783794,32.833472,31.47974,5.126750,
2015-09-22,11:00:16,142080137521,62662,6008A,15W38,21142,08013,7521,25.70864,309.587,165.557,12.431828,15.214830,12.323268,15.257507,2592,1145,18,27,15,27,949,717,572,12,15,10,15,15.178072,15.235922,24.060665,24.060664,33.470086,32.982100,30.80738,5.098740,
2015-09-22,11:01:52,142080137525,62662,6008A,15W38,21142,08013,7525,26.381,313.147,166.715,12.332177,15.433924,11.959749,15.324517,2555,1119,17,27,14,27,877,609,478,11,13,9,13,15.402154,14.802839,24.055093,24.055092,34.786874,33.981190,31.87195,5.490950,
2015-09-22,11:03:26,142080137486,62662,6008A,15W38,21142,08013,7486,27.13741,310.726,166.136,12.436233,15.490807,11.957384,15.219851,2524,1164,17,27,14,27,914,650,485,11,13,9,13,15.444621,15.219615,24.060648,24.060647,33.197695,32.386401,32.71241,5.575000,
2015-09-22,11:05:39,142080137546,62662,6008A,15W38,21142,08013,7546,26.40902,312.586,166.715,11.949261,15.428658,12.335510,15.302316,2552,1219,18,27,15,27,983,651,550,11,14,10,14,15.062430,14.803571,24.055071,24.055071,33.232009,32.397414,31.956,5.546980,
2015-09-22,11:07:24,142080137556,62662,6008A,15W38,21142,08013,7556,27.52962,310.045,166.715,11.903297,15.296356,11.884059,15.259797,2522,1453,20,27,16,27,1149,812,609,12,15,10,15,15.310728,15.245039,24.055057,24.055056,33.685056,32.979589,32.74043,5.210810,
2015-09-22,11:08:49,142080137564,62662,6008A,15W38,21142,08013,7564,27.44557,310.616,163.821,11.962881,15.288364,11.634852,15.443356,2522,1215,18,27,15,27,1005,671,495,11,14,9,14,15.287274,15.437063,24.060700,24.060699,32.775170,32.250366,32.71241,5.266840,
2015-09-22,11:10:08,142080137564,62662,6008A,15W38,21142,08013,7564,30.58326,319.037,167.294,12.337499,15.375797,12.283158,15.237498,2440,1272,19,27,15,27,999,754,568,12,15,10,15,15.389167,15.230626,24.055072,24.055071,33.756452,33.070312,34.84155,4.258290,
2015-09-22,11:11:28,142080137575,62662,6008A,15W38,21142,08013,7575,27.02535,306.511,164.399,12.337564,15.426941,12.475840,15.265423,2544,1259,23,27,18,27,975,710,553,14,20,12,20,15.446239,15.243978,24.055082,24.055081,34.894477,34.086521,32.18012,5.154770,
2015-09-22,11:13:23,142080137583,62662,6008A,15W38,21142,08013,7583,26.96932,307.070,167.294,12.248379,15.159639,11.916441,15.079350,2547,1273,17,27,14,27,1021,762,546,11,15,9,15,14.748152,14.555524,24.055059,24.055059,33.832230,33.030293,32.04004,5.070720,
2015-09-22,11:14:44,142080137591,62662,6008A,15W38,21142,08013,7591,27.22145,312.600,167.294,12.385851,15.404680,12.126243,15.472780,2533,1351,19,27,16,27,1134,816,608,12,15,10,15,15.376940,15.460634,24.060695,24.060694,34.056650,33.564904,32.43225,5.210800,
2015-09-22,11:16:02,142080137596,62662,6008A,15W38,21142,08013,7596,27.38954,310.770,165.557,12.358939,15.321464,12.482888,15.377632,2529,1309,24,27,20,27,1103,797,650,15,23,13,23,15.298463,15.347129,24.060641,24.060640,34.128461,33.529160,32.54432,5.154780,
2015-09-22,11:17:38,142080137605,62662,6008A,15W38,21142,08013,7605,26.99733,309.524,163.821,12.280184,15.483459,12.463408,15.249824,2542,1430,24,27,18,27,1098,831,661,14,21,12,21,15.497592,15.263921,24.055015,24.055014,34.266691,33.341793,32.1521,5.154770,
2015-09-22,11:18:58,142080137202,62662,6008A,15W38,21142,08013,7202,27.27748,306.567,164.978,12.290978,15.436735,12.209254,15.345590,2533,1256,21,27,17,27,997,702,532,13,16,11,16,15.467909,15.314985,24.055032,24.055031,33.795999,32.989708,32.46027,5.182790,
2015-09-22,11:20:31,142080137206,62662,6008A,15W38,21142,08013,7206,27.27748,306.556,166.136,11.968653,15.299242,11.695072,15.488365,2536,1261,18,27,15,27,1023,669,489,11,14,9,14,15.332638,15.472016,24.060628,24.060628,33.677117,32.458738,32.29218,5.014700,
2015-09-22,11:23:16,142080137086,62662,6008A,15W38,21142,08013,7086,27.33351,310.957,164.399,11.807681,15.294835,11.879216,15.243336,2516,1040,16,27,14,27,877,554,487,10,12,9,12,14.787255,14.718041,24.060648,24.060647,32.915735,32.300701,32.90851,5.575000,
2015-09-22,11:27:13,142080137193,62662,6008A,15W38,21142,08013,7193,25.87673,312.163,166.715,12.086954,15.479498,12.462711,15.462290,2583,1002,18,27,15,27,823,516,459,11,14,10,14,15.471816,15.477740,24.055037,24.055037,32.766090,32.194470,31.08753,5.210800,
2015-09-22,11:28:33,142080137242,62662,6008A,15W38,21142,08013,7242,26.9413,307.656,166.715,12.315170,15.295829,11.918823,15.212214,2539,1300,17,27,14,27,1061,780,570,11,14,9,14,15.270185,15.200167,24.055101,24.055101,33.266903,32.448339,32.20813,5.266830,
2015-09-22,11:29:52,142080136952,62662,6008A,15W38,21142,08013,6952,27.47359,305.935,163.821,12.013618,15.418779,11.941427,15.294749,2523,1224,20,27,16,27,964,670,525,12,16,10,16,15.347092,15.252073,24.060697,24.060696,32.918750,32.280702,32.71241,5.238820,
2015-09-22,11:31:15,142080137042,62662,6008A,15W38,21142,08013,7042,27.05336,305.013,166.715,12.146034,15.217166,12.068192,15.473536,2541,1180,21,27,18,27,1011,659,512,13,18,11,18,15.225757,15.464490,24.055098,24.055098,33.292407,33.081264,32.18012,5.126760,
2015-09-22,11:32:42,142080137303,62662,6008A,15W38,21142,08013,7303,27.38954,309.832,166.715,12.174145,15.258804,12.490707,15.469079,2515,1080,17,27,15,27,932,590,516,11,13,10,13,15.204700,15.438532,24.055034,24.055034,33.353165,32.906485,32.96454,5.575000,
2015-09-22,11:34:01,142080137306,62662,6008A,15W38,21142,08013,7306,26.91329,307.413,166.715,11.918853,15.384375,12.320600,15.268154,2546,1267,18,27,15,27,1035,695,596,11,14,10,14,15.356633,15.263907,24.060677,24.060676,32.934204,32.172451,32.04004,5.126750,
2015-09-22,11:35:21,142080137285,62662,6008A,15W38,21142,08013,7285,27.41756,311.644,166.715,12.469449,15.345830,12.432778,15.080875,2524,1218,20,27,16,27,954,733,566,13,16,11,16,15.034735,14.677145,24.055033,24.055032,32.480747,31.415898,32.74043,5.322870,
2015-09-22,11:36:59,142080137331,62662,6008A,15W38,21142,08013,7331,27.13741,311.232,167.294,12.494335,15.338828,12.396985,15.367212,2527,1146,18,27,15,27,918,679,508,12,14,10,14,15.312942,15.337549,24.060658,24.060657,33.960985,33.324372,32.68439,5.546980,
2015-09-22,11:38:18,142080137336,62662,6008A,15W38,21142,08013,7336,27.52962,301.318,164.399,12.405182,15.480365,12.217915,15.185957,2516,1299,21,27,17,27,1036,742,571,13,16,11,16,15.174539,14.816952,24.055102,24.055102,33.921964,33.007594,32.96454,5.434920,
2015-09-22,11:39:37,142080137344,62662,6008A,15W38,21142,08013,7344,27.16542,306.786,166.715,11.939750,15.265078,12.113994,15.277008,2529,1473,25,26,27,26,1560,879,880,15,24,15,24,15.352679,15.715291,24.240309,24.240303,37.515650,37.676461,32.62836,5.462940,
2015-09-22,11:40:58,142080137353,62662,6008A,15W38,21142,08013,7353,27.41756,307.483,166.715,12.287970,15.364312,12.294012,15.368073,2527,1230,23,27,19,27,1011,708,561,14,21,12,21,15.344460,15.346911,24.055049,24.055048,33.290742,32.753562,32.68439,5.266830,
2015-09-22,11:42:17,142080137362,62662,6008A,15W38,21142,08013,7362,27.16542,310.614,166.136,12.408236,15.259445,12.407811,15.217915,2533,1188,22,27,18,27,973,716,578,14,19,12,19,15.234200,15.212551,24.060580,24.060580,32.996256,32.308515,32.5163,5.350880,
2015-09-22,11:43:36,142080137321,62662,6008A,15W38,21142,08013,7321,27.10939,304.748,166.715,12.466792,15.356186,11.936739,15.159981,2531,1313,17,27,14,27,1074,800,599,11,13,9,13,15.388420,14.657830,24.060679,24.060678,34.516789,33.549145,32.46027,5.350880,
2015-09-22,11:44:56,142080137326,62662,6008A,15W38,21142,08013,7326,27.61366,310.117,165.557,12.263761,15.315917,12.109859,15.413884,2519,1236,21,27,18,27,1057,710,561,13,18,11,18,15.036583,15.079583,24.060602,24.060602,32.719268,32.101593,32.82447,5.210810,
2015-09-22,11:45:59,142080137252,62662,6008A,15W38,21142,08013,7252,27.44557,307.392,165.557,11.865063,15.461323,12.255644,15.242532,2528,1175,18,27,15,27,950,615,547,11,14,10,14,15.437542,15.253619,24.055061,24.055060,33.072886,32.306080,32.65638,5.210810,
2015-09-22,11:47:19,142080137371,62662,6008A,15W38,21142,08013,7371,27.10939,304.990,166.136,12.122562,15.484817,12.137117,15.378923,2537,1215,24,27,19,27,969,655,527,14,21,12,21,15.517820,15.352036,24.060576,24.060575,33.958058,33.099143,32.32019,5.210800,
2015-09-22,11:48:38,142080137381,62662,6008A,15W38,21142,08013,7381,27.38954,309.411,167.294,12.433741,15.197346,12.213159,15.200755,2521,1170,18,27,15,27,956,701,532,12,15,10,15,15.197222,15.200769,24.055053,24.055053,33.577861,32.927052,32.79645,5.406910,
2015-09-22,11:51:20,142080137423,62662,6008A,15W38,21142,08013,7423,27.05336,307.834,166.136,12.422991,15.195266,11.863069,15.262806,2539,949,16,27,14,27,793,548,426,11,13,9,13,15.161559,15.226873,24.060729,24.060729,31.830503,31.253690,32.23615,5.182790,
2015-09-22,11:52:40,142080137072,62662,6008A,15W38,21142,08013,7072,27.13741,308.664,165.557,12.253573,15.431741,11.864252,15.339532,2540,1106,21,27,18,27,941,600,486,13,18,11,18,15.423603,15.342998,24.055064,24.055063,33.648551,33.062903,32.26416,5.126750,
2015-09-22,11:54:00,142080137073,62662,6008A,15W38,21142,08013,7073,30.44319,316.410,165.557,11.750916,15.330955,11.958089,15.150066,2441,1147,17,27,14,27,932,579,506,10,13,9,13,15.322717,14.632463,24.060623,24.060623,33.476579,32.674408,34.78552,4.342330,
2015-09-22,11:55:20,142080137263,62662,6008A,15W38,21142,08013,7263,27.19344,295.817,166.715,11.986569,15.391512,12.399991,15.320070,2529,1191,18,27,15,27,973,647,550,11,14,10,14,15.375107,15.310607,24.055071,24.055071,34.352496,33.565676,32.60035,5.406910,
2015-09-22,11:57:55,142080136042,62662,6008A,15W38,21142,08013,6042,27.22145,312.111,164.978,12.449244,15.412179,12.405874,15.278272,2529,1203,20,27,16,27,946,705,528,13,16,11,16,15.421253,15.263423,24.055026,24.055026,31.838929,30.980455,32.57233,5.350880,
2015-09-22,11:59:14,142080136032,62662,6008A,15W38,21142,08013,6032,27.02535,310.860,164.399,12.161990,15.245337,12.168897,15.177897,2537,1352,21,27,17,27,1095,813,645,13,18,11,18,14.962724,14.774160,24.060571,24.060571,31.985559,31.114185,32.34821,5.322860,
2015-09-22,12:03:35,142080136056,62662,6008A,15W38,21142,08013,6056,26.80123,309.946,164.399,12.229945,15.228046,12.215516,15.056346,2547,1248,19,27,15,27,967,730,548,12,16,10,16,15.210646,15.029799,24.055049,24.055048,32.559749,31.486171,32.09607,5.294840,
2015-09-22,12:04:54,142080136334,62662,6008A,15W38,21142,08013,6334,27.83778,308.799,165.557,12.333736,15.253747,12.317204,15.175800,2514,1178,22,27,18,27,956,683,540,14,19,12,19,15.241027,15.176534,24.060716,24.060715,32.995577,32.272073,32.96454,5.126760,
2015-09-22,12:07:17,142080136316,62662,6008A,15W38,21142,08013,6316,27.5016,310.740,164.978,12.181623,15.403659,12.002427,14.964044,2524,1327,19,27,15,27,1003,744,574,12,15,10,15,15.390017,14.941814,24.055078,24.055077,34.273007,33.131949,32.68439,5.182790,
2015-09-22,12:14:29,142080136251,62662,6008A,15W38,21142,08013,6251,24.75613,307.736,167.294,11.857649,15.304720,11.783029,15.081025,2622,1175,18,27,14,27,881,626,481,11,14,9,14,15.260723,15.115065,24.060656,24.060655,34.098989,32.708588,29.93892,5.182790,
2015-09-22,12:15:49,142080136255,62662,6008A,15W38,21142,08013,6255,26.26894,306.123,166.715,11.966534,15.253258,11.627428,15.357514,2560,1400,18,27,15,27,1161,793,581,11,14,9,14,15.243163,15.310101,24.060633,24.060633,33.984589,33.513853,31.64783,5.378890,
2015-09-22,12:36:50,142080136214,62662,6008A,15W38,21142,08013,6214,22.45889,302.316,165.557,12.206018,15.466431,12.444330,15.179331,2705,1389,24,27,18,27,1045,778,617,14,21,12,21,15.241451,14.790207,24.055078,24.055078,34.140689,32.912086,27.69771,5.238820,
2015-09-22,12:43:46,142080137724,62662,6008A,15W38,21142,08013,7724,23.29934,306.236,166.136,12.236456,15.412881,11.833737,15.257338,2676,1132,19,27,16,27,938,634,497,12,15,10,15,15.402884,15.270932,24.060668,24.060667,33.731206,32.966540,28.48213,5.182790,
2015-09-22,12:45:06,142080137732,62662,6008A,15W38,21142,08013,7732,26.40902,309.836,166.136,12.048534,15.162997,12.167259,15.199135,2553,1264,19,27,15,27,987,752,572,12,15,10,15,14.788627,14.714471,24.060714,24.060713,32.666054,31.790452,31.98401,5.574990,
2015-09-22,12:46:38,142080137742,62662,6008A,15W38,21142,08013,7742,26.91329,304.435,167.294,12.414027,15.337214,12.268429,15.205694,2538,1178,18,27,15,27,931,680,491,12,14,10,14,15.322857,15.246461,24.055075,24.055074,34.524782,33.818106,32.34821,5.434920,
2015-09-22,12:47:56,142080137746,62662,6008A,15W38,21142,08013,7746,27.05336,313.426,164.978,11.981809,15.335955,11.761000,15.487522,2540,1234,20,27,17,27,1039,681,508,12,16,10,16,15.303253,15.459812,24.060714,24.060713,33.678702,33.175988,32.23615,5.182790,
2015-09-22,12:49:16,142080137765,62662,6008A,15W38,21142,08013,7765,26.9413,309.061,165.557,12.493082,15.268340,12.399909,15.494603,2547,1091,20,27,17,27,925,646,498,13,16,11,16,15.264152,15.473495,24.055082,24.055081,33.474589,32.992903,32.01203,5.070730,
2015-09-22,12:50:35,142080137775,62662,6008A,15W38,21142,08013,7775,26.7452,309.488,165.557,12.264833,15.413127,12.241436,15.415767,2548,1155,23,27,19,27,957,646,520,14,20,12,20,15.176682,15.067399,24.060674,24.060673,33.668344,32.678805,32.01203,5.266830,
2015-09-22,12:51:56,142080137794,62662,6008A,15W38,21142,08013,7794,27.38954,309.898,166.715,12.355062,15.440660,12.358586,15.361608,2527,1166,21,27,17,27,932,675,517,13,17,11,17,15.133637,14.922566,24.055085,24.055084,33.525589,32.744385,32.62836,5.238820,
2015-09-22,12:53:16,142080137613,62662,6008A,15W38,21142,08013,7613,27.02535,304.580,164.399,11.866755,15.191370,12.150005,14.940609,2533,1053,16,27,13,27,812,538,464,10,13,9,13,14.740667,13.767920,24.060630,24.060630,33.080894,32.011020,32.37622,5.350870,
2015-09-22,12:54:39,142080137616,62662,6008A,15W38,21142,08013,7616,27.47359,309.187,166.136,12.195701,15.216316,12.492853,15.385503,2524,1167,17,27,15,27,1017,688,589,11,13,10,13,15.196498,15.377666,24.055071,24.055070,33.539049,33.075003,32.68439,5.210800,
2015-09-22,12:56:14,142080137806,62662,6008A,15W38,21142,08013,7806,27.75374,312.656,167.294,12.483777,15.421146,12.447238,15.114515,2510,1069,17,27,13,27,773,601,470,11,13,9,13,15.395161,14.515371,24.054974,24.054973,34.253218,33.059979,33.02057,5.266830,
2015-09-22,12:57:34,142080137754,62662,6008A,15W38,21142,08013,7754,27.16542,312.241,166.136,12.301823,15.247880,11.621065,15.491585,2528,1532,22,27,19,27,1331,871,679,13,17,11,17,15.197464,14.914463,24.240311,24.240312,37.157236,36.347211,32.62836,5.462940,
2015-09-22,13:03:06,142080137815,62662,6008A,15W38,21142,08013,7815,27.89381,311.151,167.294,12.282960,15.290260,11.861193,15.028395,2501,1044,17,27,14,27,821,559,427,11,13,9,13,15.269324,15.049438,24.055087,24.055086,34.248148,33.523039,33.30072,5.406910,
2015-09-22,13:05:12,142080137696,62662,6008A,15W38,21142,08013,7696,26.85726,309.921,165.557,12.495892,15.482853,12.404904,15.277258,2539,1253,19,27,15,27,982,735,553,12,14,10,14,15.468881,15.338128,24.055039,24.055039,34.736403,33.906149,32.26416,5.406900,
2015-09-22,13:08:08,142080137846,62662,6008A,15W38,21142,08013,7846,27.44557,313.996,165.557,12.147072,15.099771,11.741678,15.466549,2504,1131,15,27,13,27,951,657,479,10,8,8,8,15.073178,15.429532,24.055025,24.055024,34.928178,34.683323,33.24469,5.799120,
2015-09-22,13:13:18,142080137875,62662,6008A,15W38,21142,08013,7875,25.70864,311.055,163.242,11.878564,15.290061,12.412285,15.124701,2583,1122,16,27,13,27,876,594,524,10,12,9,12,15.218403,14.513794,24.055082,24.055081,33.555475,32.644634,30.97547,5.266830,
2015-09-22,13:15:20,142080137855,62662,6008A,15W38,21142,08013,7855,27.78175,308.941,164.399,12.436981,15.317351,11.849719,15.315903,2519,1006,22,27,18,27,796,550,400,14,20,11,20,15.269319,15.298298,24.055068,24.055067,33.671544,33.049870,32.74043,4.958680,
2015-09-22,13:16:39,142080138055,62662,6008A,15W38,21142,08013,8055,27.41756,312.617,164.978,12.361763,15.259995,12.489822,15.207862,2534,1237,20,27,16,27,986,756,584,13,17,11,17,15.268214,15.224628,24.055094,24.055094,34.302732,33.642804,32.43225,5.014690,
2015-09-22,13:22:10,142080138035,62662,6008A,15W38,21142,08013,8035,24.86819,309.109,166.715,11.992013,15.378211,11.655641,15.384805,2565,1061,18,27,15,27,850,537,413,11,14,9,14,15.389627,14.884544,24.055093,24.055092,32.770114,32.131750,31.50776,6.639570,
2015-09-22,13:31:03,142080138024,62662,6008A,15W38,21142,08013,8024,23.01919,297.177,164.399,12.464496,15.362481,12.214329,15.220543,2686,1199,19,27,15,27,946,714,537,12,15,10,15,15.374252,15.218373,24.055142,24.055141,33.849235,32.964242,28.17396,5.154770,
2015-09-22,13:37:19,142080138026,62662,6008A,15W38,21142,08013,8026,22.73904,305.739,166.136,12.319657,15.269270,11.900377,15.139224,2689,1198,17,27,14,27,981,721,553,11,13,9,13,14.853142,14.656741,24.060685,24.060684,33.851976,32.821869,28.11793,5.378890,
2015-09-22,13:40:38,142080138011,62662,6008A,15W38,21142,08013,8011,22.43087,307.246,165.557,12.485209,15.388540,12.169206,15.289989,2703,1323,22,27,17,27,1024,807,578,14,18,11,18,15.131248,14.866829,24.060739,24.060738,33.753440,32.611046,27.75374,5.322870,
2015-09-22,13:43:03,142080137822,62662,6008A,15W38,21142,08013,7822,27.8658,303.757,164.399,12.259160,15.361835,12.027670,15.113782,2516,1238,18,27,14,27,959,697,519,11,14,9,14,15.018699,14.662613,24.055085,24.055085,33.653798,32.512398,32.85248,4.986680,
2015-09-22,13:45:03,142080138005,62662,6008A,15W38,21142,08013,8005,26.80123,310.359,163.821,12.015510,15.242320,11.967793,15.471204,2551,1115,21,27,18,27,950,625,487,13,18,11,18,14.948915,15.106256,24.055131,24.055130,32.839972,32.312222,31.92798,5.126750,
2015-09-22,13:46:41,142080137994,62662,6008A,15W38,21142,08013,7994,31.53577,310.366,163.821,12.308928,15.383406,12.236320,15.244806,2431,1159,21,27,17,27,928,655,514,13,18,11,18,15.360537,15.265234,24.060720,24.060720,33.478515,32.698258,34.95361,3.417840,
2015-09-22,13:48:34,142080137945,62662,6008A,15W38,21142,08013,7945,26.85726,307.520,166.715,12.257787,15.379059,11.891720,15.218031,2554,1203,19,26,16,26,998,681,517,12,15,10,15,15.321326,15.231047,24.055103,24.055102,33.293008,32.483168,31.73188,4.874620,
2015-09-22,13:52:08,142080137935,62662,6008A,15W38,21142,08013,7935,28.39808,309.852,163.821,12.335173,15.396129,12.100694,15.228669,2493,1235,25,27,19,27,947,707,511,15,24,12,24,15.182984,14.907163,24.060669,24.060668,33.142578,32.027497,33.4408,5.042720,
2015-09-22,13:53:35,142080137863,62662,6008A,15W38,21142,08013,7863,26.7452,312.979,166.136,12.302923,15.343337,11.795535,15.102305,2553,971,17,27,14,27,760,529,416,11,13,9,13,14.967933,14.579927,24.060712,24.060712,33.920914,33.062018,31.87195,5.126750,
2015-09-22,13:54:57,142080137904,62662,6008A,15W38,21142,08013,7904,27.02535,310.913,164.399,12.241123,15.479443,12.329716,15.286955,2547,1289,23,27,18,27,1011,730,586,14,19,12,19,15.440785,15.287597,24.055064,24.055063,33.487692,32.570242,32.01203,4.986680,
2015-09-22,13:56:17,142080137865,62662,6008A,15W38,21142,08013,7865,26.26894,310.453,166.136,12.392912,15.413905,12.207939,15.468349,2564,1114,17,27,14,27,888,629,493,11,13,9,13,15.386127,14.950465,24.055107,24.055106,33.875339,33.053909,31.61982,5.350880,
2015-09-22,14:04:28,142080138046,62662,6008A,15W38,21142,08013,8046,27.33351,310.884,166.136,12.119374,15.301779,11.928781,15.185779,2527,1382,20,27,16,27,1094,794,587,12,16,10,16,15.360478,15.142389,24.055107,24.055106,34.326567,33.518820,32.62836,5.294850,
2015-09-22,14:06:20,142080138061,62662,6008A,15W38,21142,08013,8061,27.05336,311.406,166.715,12.461815,15.494393,12.353557,15.229937,2531,1134,19,27,15,27,861,627,478,12,14,10,14,15.455117,15.196413,24.060615,24.060615,34.865870,33.869606,32.54432,5.490960,
2015-09-22,14:08:52,142080138074,62662,6008A,15W38,21142,08013,8074,26.7452,304.890,166.715,12.293973,15.385699,11.858452,15.241353,2545,1217,19,27,16,27,1004,668,522,12,15,10,15,15.387645,15.223181,24.055108,24.055107,33.775119,33.147210,32.06806,5.322860,
2015-09-22,14:10:39,142080138076,62662,6008A,15W38,21142,08013,8076,30.75135,319.512,166.136,12.461922,15.420082,12.327223,15.323931,2434,1289,21,27,17,27,1049,771,602,13,17,11,17,15.426528,15.304200,24.055062,24.055061,35.678651,35.132685,34.9256,4.174250,
2015-09-22,14:12:59,142080138095,62662,6008A,15W38,21142,08013,8095,27.3055,303.872,163.821,12.429235,15.253852,12.278106,15.303293,2537,1194,22,27,19,27,1026,714,581,14,19,12,19,14.959594,14.935574,24.060664,24.060663,32.685462,32.123034,32.32019,5.014690,
2015-09-22,14:14:19,142080137883,62662,6008A,15W38,21142,08013,7883,27.22145,310.545,166.715,12.298311,15.427105,12.272285,15.186989,2535,1184,19,27,15,27,901,665,507,12,15,10,15,15.408151,15.155649,24.060712,24.060711,33.565025,32.510767,32.34821,5.126760,
2015-09-22,14:15:23,142080138102,62662,6008A,15W38,21142,08013,8102,27.13741,309.324,165.557,12.469904,15.274526,12.459702,15.225728,2531,1248,22,27,18,27,1015,755,587,14,20,12,20,15.272515,15.202875,24.055032,24.055032,33.515126,32.886250,32.5163,5.378890,
2015-09-22,14:16:42,142080138106,62662,6008A,15W38,21142,08013,8106,27.13741,304.049,167.294,12.040811,15.298320,12.433758,15.440341,2539,1329,22,27,19,27,1155,769,689,13,19,12,19,15.272398,15.442958,24.055107,24.055106,33.944653,33.638822,32.26416,5.126750,
2015-09-22,14:17:46,142080138111,62662,6008A,15W38,21142,08013,8111,27.16542,305.820,166.136,12.212605,15.271996,12.161006,15.246712,2539,1268,23,27,19,27,1059,734,582,14,20,12,20,15.250516,15.209738,24.055111,24.055110,33.690685,33.373372,32.20813,5.042710,
2015-09-22,14:22:21,142080138114,62662,6008A,15W38,21142,08013,8114,25.28841,307.171,167.294,12.265873,15.335479,12.201240,15.271339,2606,1205,21,27,17,27,976,704,549,13,18,11,18,15.348910,15.271128,24.055142,24.055141,33.730404,33.088149,30.41517,5.126760,
2015-09-22,14:25:50,142080138135,62662,6008A,15W38,21142,08013,8135,27.58565,306.932,166.136,11.954385,15.293059,11.940159,15.320187,2512,1407,22,27,18,27,1148,790,617,13,18,11,18,15.327696,15.322126,24.060617,24.060616,34.167007,33.529481,33.04859,5.462940,
2015-09-22,14:28:49,142080138084,62662,6008A,15W38,21142,08013,8084,26.9413,308.908,166.715,11.966041,15.304777,12.086936,15.414565,2540,1568,22,27,18,27,1295,902,724,13,18,11,18,15.279880,15.409587,24.055062,24.055062,36.157083,35.636139,32.26416,5.322860,
2015-09-22,14:36:45,142580002482,62662,6018A,15W38,21142,58000,2482,27.08138,291.492,166.136,12.371381,15.341228,12.322983,15.415610,2528,1470,27,27,21,27,1185,886,672,16,27,13,27,15.319032,15.408106,24.060777,24.060776,35.308895,34.792928,32.5163,5.434920,
2015-09-22,14:40:25,142580002512,62662,6018A,15W38,21142,58000,2512,27.3055,303.906,167.294,12.039494,15.244054,11.895507,15.470772,2528,1225,19,27,16,27,1025,692,516,12,15,10,15,15.251898,15.415916,24.055074,24.055074,34.017111,33.469956,32.60035,5.294850,
2015-09-22,14:41:24,142580002516,62662,6018A,15W38,21142,58000,2516,27.38954,300.753,167.294,12.319918,15.477154,12.334217,15.393112,2524,1163,21,27,17,27,926,644,501,13,17,11,17,15.447617,15.379069,24.060697,24.060696,33.687555,32.999185,32.65638,5.266840,
2015-09-22,14:42:49,142580002506,62662,6018A,15W38,21142,58000,2506,27.52962,306.377,167.294,12.346352,15.254335,12.300839,15.447869,2519,1290,20,27,17,27,1087,763,583,13,16,11,16,15.219056,15.423306,24.060661,24.060660,34.949247,34.436989,32.82447,5.294850,
2015-09-22,14:45:16,142580002535,62662,6018A,15W38,21142,58000,2535,27.10939,303.255,166.136,12.284086,15.405755,11.990327,15.328266,2522,1364,26,27,20,27,1098,812,596,15,24,12,24,15.217707,14.671388,24.055087,24.055086,34.460814,33.427114,32.76844,5.659050,
2015-09-22,14:46:44,142580002543,62662,6018A,15W38,21142,58000,2543,27.5016,304.648,162.084,12.114789,12.044755,12.299485,12.942654,12.166936,13.148025,24.240324,24.240322,35.740509,36.770329,33.41278,5.911180,
2015-09-22,14:47:56,142580002551,62662,6018A,15W38,21142,58000,2551,27.3055,304.800,165.557,12.151028,15.272037,12.163392,15.170025,2522,1418,21,27,17,27,1149,850,664,13,17,11,17,15.264195,15.183352,24.055114,24.055113,33.962123,33.329669,32.71241,5.406910,
2015-09-22,14:50:17,142580002564,62662,6018A,15W38,21142,58000,2564,27.72572,305.429,167.873,12.303027,15.328740,12.298239,15.232016,2511,1424,21,27,17,27,1147,842,660,13,17,11,17,15.314647,15.254472,24.055071,24.055071,35.426903,34.778466,33.04859,5.322870,
2015-09-22,15:02:31,142580002581,62662,6018A,15W38,21142,58000,2581,24.25185,298.990,167.294,12.361033,15.300103,12.114804,15.421721,2643,1155,21,27,18,27,971,652,527,13,18,11,18,14.957376,15.094021,24.060705,24.060705,33.360422,32.896950,29.37861,5.126760,
2015-09-22,15:04:14,142580002586,62662,6018A,15W38,21142,58000,2586,28.45411,301.181,166.715,12.234482,15.407969,12.461109,15.247958,2492,1337,27,27,22,27,1116,791,671,16,27,14,27,15.362291,14.996246,24.055085,24.055085,34.275454,33.555327,33.49683,5.042720,
2015-09-22,15:05:49,142580002596,62662,6018A,15W38,21142,58000,2596,26.52108,305.529,166.715,12.131138,15.254316,12.092252,15.453554,2552,1296,19,27,16,27,1080,753,567,12,15,10,15,15.242722,15.432794,24.060718,24.060717,33.502993,33.011172,31.89997,5.378890,
2015-09-22,15:06:44,142580002613,62662,6018A,15W38,21142,58000,2613,27.64168,305.949,166.136,12.385865,15.474672,12.271979,15.406468,2514,1236,23,27,19,27,1032,710,561,14,20,12,20,15.452516,15.412685,24.055086,24.055086,33.670251,33.126499,33.02057,5.378890,
2015-09-22,15:08:25,142580002603,62662,6018A,15W38,21142,58000,2603,27.22145,299.397,166.715,12.199522,15.211787,12.142630,15.275923,2528,1332,27,27,21,27,1060,787,581,16,27,13,27,15.203207,14.950648,24.054990,24.054990,33.780593,33.170517,32.57233,5.350880,
2015-09-22,15:10:05,142580002625,62662,6018A,15W38,21142,58000,2625,27.55763,305.758,167.294,12.005395,15.386668,11.930840,15.183733,2516,1226,18,27,14,27,918,647,500,11,14,9,14,15.358087,15.176490,24.060647,24.060646,33.664976,32.606988,32.96454,5.406910,
2015-09-22,15:11:36,142580002635,62662,6018A,15W38,21142,58000,2635,27.38954,306.200,166.715,12.013436,15.494475,11.832213,15.175405,2524,1275,20,27,16,27,1006,667,522,12,15,10,15,15.493887,15.181356,24.055078,24.055077,33.705635,32.832362,32.76844,5.378900,
2015-09-22,15:13:07,142580002651,62662,6018A,15W38,21142,58000,2651,27.78175,303.998,166.136,12.171614,15.496976,12.355457,15.459024,2502,1474,27,27,21,27,1189,824,671,15,26,13,26,15.470852,15.425383,24.055084,24.055083,34.542253,33.660997,33.32874,5.546990,
2015-09-22,15:14:59,142580002662,62662,6018A,15W38,21142,58000,2662,27.36153,305.797,164.399,12.337132,15.410263,12.351151,15.469194,2518,1409,23,27,19,27,1165,836,669,14,20,12,20,15.402486,15.474063,24.055080,24.055079,34.002698,33.488513,32.8805,5.518970,
2015-09-22,15:15:50,142580002665,62662,6018A,15W38,21142,58000,2665,27.64168,342.160,186.397,-18.958405,0.000000,0.000000,0.000000,-19.016825,-18.321772,24.055078,24.055077,-0.122356,0.039141,32.96454,5.322860,
2015-09-22,15:17:11,142580002676,62662,6018A,15W38,21142,58000,2676,27.64168,302.988,166.715,12.230768,15.107891,11.961915,15.437822,2508,1642,27,27,22,27,1394,1034,781,16,27,13,27,15.073882,15.180904,24.055057,24.055056,34.586966,34.307976,33.13263,5.490950,
2015-09-22,15:18:57,142580002686,62662,6018A,15W38,21142,58000,2686,27.22145,303.418,167.294,12.067523,15.136814,12.214571,15.322445,2530,1391,27,27,21,27,1114,835,632,16,27,13,27,15.119849,15.048299,24.060724,24.060724,34.576942,33.844650,32.5163,5.294850,
2015-09-22,15:31:23,142580002694,62662,6018A,15W38,21142,58000,2694,23.46743,305.553,167.294,12.140754,15.200728,11.783328,15.435853,2668,1178,17,27,15,27,1016,669,533,11,14,9,14,14.794826,14.959253,24.060746,24.060745,32.510179,32.134958,28.70625,5.238820,
2015-09-22,15:33:12,142580002703,62662,6018A,15W38,21142,58000,2703,27.58565,306.292,163.242,12.084640,15.441195,12.486422,15.262531,2515,1247,24,27,18,27,942,697,549,14,21,12,21,15.412300,15.268296,24.055107,24.055107,33.863946,32.864674,32.90851,5.322860,
2015-09-22,15:36:05,142580002705,62662,6018A,15W38,21142,58000,2705,26.32497,308.004,166.715,12.168593,15.422534,11.853828,15.472761,2568,1226,19,27,16,27,1025,691,511,12,15,10,15,15.410766,15.469811,24.055034,24.055033,33.538642,32.808065,31.47974,5.154770,
2015-09-22,15:37:45,142580002732,62662,6018A,15W38,21142,58000,2732,27.80977,308.861,164.978,12.319403,15.350320,11.902273,15.265470,2508,1314,23,27,18,27,1048,810,586,14,20,11,20,15.314898,15.264358,24.060697,24.060696,33.567987,32.756710,33.10462,5.294850,
2015-09-22,15:40:52,142580002734,62662,6018A,15W38,21142,58000,2734,26.88527,301.878,164.399,12.224504,15.381968,12.263897,15.403690,2507,1380,25,27,19,27,1080,825,614,15,24,12,24,15.376231,15.408422,24.055099,24.055098,34.049698,33.297930,33.02057,6.135300,
2015-09-22,15:42:22,142580002741,62662,6018A,15W38,21142,58000,2741,26.24092,305.439,164.399,12.305398,15.450259,12.305959,15.401756,2564,1116,21,27,17,27,891,623,514,13,17,11,17,15.403038,15.373293,24.060672,24.060672,33.691320,33.031041,31.50776,5.266840,
2015-09-22,15:44:09,142580002745,62662,6018A,15W38,21142,58000,2745,29.77082,305.159,166.136,12.033611,15.444397,12.439164,15.344274,2436,1147,18,27,15,27,929,600,520,11,14,10,14,15.483791,15.319702,24.055016,24.055015,33.858995,33.244977,34.84155,5.070730,
2015-09-22,15:45:56,142580002766,62662,6018A,15W38,21142,58000,2766,27.22145,303.182,165.557,12.318175,15.419240,12.227646,15.302030,2521,1136,18,27,14,27,862,619,469,11,14,9,14,15.073275,14.850453,24.055037,24.055036,33.962825,32.749878,32.82447,5.603020,
2015-09-22,15:47:16,142580002776,62662,6018A,15W38,21142,58000,2776,27.05336,305.617,167.294,11.911578,15.464187,12.446579,15.122212,2520,1223,17,27,13,27,943,703,600,10,13,9,13,15.031272,14.577027,24.055044,24.055043,33.526931,32.468032,32.85248,5.799120,
2015-09-22,15:48:37,142580002784,62662,6018A,15W38,21142,58000,2784,27.55763,307.013,166.136,12.004282,15.412714,12.210710,15.424408,2518,1257,24,27,19,27,1010,695,540,14,21,12,21,15.401930,15.109236,24.060674,24.060674,32.983204,32.130389,32.8805,5.322870,
2015-09-22,15:49:58,142580002785,62662,6018A,15W38,21142,58000,2785,27.10939,302.106,164.978,12.079020,15.223296,11.842085,15.141871,2534,1144,17,27,14,27,929,679,506,11,13,9,13,15.183183,15.137201,24.060640,24.060639,33.116645,32.338334,32.43225,5.322860,
2015-09-22,15:51:18,142580002803,62662,6018A,15W38,21142,58000,2803,27.08138,305.564,167.873,12.375762,15.482303,12.408507,15.379972,2533,1256,27,27,22,27,1039,706,575,16,27,14,27,15.432762,15.384365,24.055035,24.055034,33.552058,32.927624,32.46027,5.378890,
2015-09-22,15:52:38,142580002806,62662,6018A,15W38,21142,58000,2806,27.10939,308.712,164.399,12.307757,15.380782,12.358732,15.478169,2535,1420,23,27,19,27,1185,859,695,14,20,12,20,15.132196,15.148122,24.055105,24.055105,33.390607,32.629854,32.37622,5.266830,
2015-09-22,15:53:58,142580002816,62662,6018A,15W38,21142,58000,2816,26.7452,306.786,164.978,12.487077,15.468397,12.415171,15.255931,2549,1189,19,27,15,27,924,678,517,12,15,10,15,15.464665,15.267467,24.060698,24.060697,33.189231,32.309559,32.01203,5.266830,
2015-09-22,15:55:17,142580002826,62662,6018A,15W38,21142,58000,2826,27.16542,306.084,166.715,12.147610,15.267005,12.497826,15.241716,2534,1259,19,27,16,27,1063,754,669,12,16,11,16,15.271098,15.197315,24.055052,24.055052,33.656081,33.020363,32.43225,5.266830,
2015-09-22,15:56:59,142580002852,62662,6018A,15W38,21142,58000,2852,27.13741,307.075,165.557,12.186043,15.310852,11.823949,15.199827,2521,1217,17,27,14,27,978,690,539,11,13,9,13,15.253960,14.656192,24.055024,24.055023,33.543202,32.629123,32.82447,5.687060,
2015-09-22,15:58:19,142580002856,62662,6018A,15W38,21142,58000,2856,27.61366,309.302,166.715,12.163423,15.389413,12.462481,15.169621,2518,1272,21,27,16,27,946,721,557,13,17,11,17,15.408158,15.174861,24.055069,24.055068,34.280780,33.323689,32.8805,5.266840,
2015-09-22,15:59:38,142580002874,62662,6018A,15W38,21142,58000,2874,27.19344,308.185,164.399,12.228198,15.419770,12.282061,15.361567,2536,1199,21,27,17,27,959,672,535,13,17,11,17,15.387062,15.367413,24.060640,24.060639,33.160553,32.392624,32.40424,5.210800,
2015-09-22,16:00:57,142580002894,62662,6018A,15W38,21142,58000,2894,27.05336,310.536,162.663,12.001914,15.363551,12.215098,15.268342,2535,1308,24,27,19,27,1043,745,589,14,23,12,23,15.078346,14.930751,24.055065,24.055065,33.320128,32.376852,32.43225,5.378890,
2015-09-22,16:01:58,142580002881,62662,6018A,15W38,21142,58000,2881,27.61366,308.169,167.294,12.257774,15.293286,12.081674,15.282550,2519,1083,17,27,14,27,866,611,473,11,14,9,14,15.238450,15.294379,24.060582,24.060581,32.518339,31.777122,32.85248,5.238820,
2015-09-22,16:03:18,142580002885,62662,6018A,15W38,21142,58000,2885,27.75374,311.978,165.557,11.855659,15.379869,12.397514,15.379082,2512,1207,18,27,15,27,979,631,541,11,14,10,14,15.376932,15.398489,24.060656,24.060655,32.747981,31.942280,33.04859,5.294850,
2015-09-22,16:04:38,142580002864,62662,6018A,15W38,21142,58000,2864,27.89381,307.879,167.294,11.873342,15.348400,12.148931,15.173133,2503,1032,18,27,15,27,831,523,463,11,14,10,14,14.997456,14.662583,24.060711,24.060711,32.846449,31.899533,33.27271,5.378900,
2015-09-22,16:05:58,142580002902,62662,6018A,15W38,21142,58000,2902,27.75374,311.950,166.715,12.386976,15.278589,11.943727,15.428451,2509,1245,22,27,18,27,1018,758,526,14,19,11,19,15.230258,15.448313,24.055028,24.055027,33.344391,32.404632,33.16065,5.406910,