TestDate,Time,MIS,Point 1571,Point 1572,Point 1573,Point 1574,Point 1575,Point 1576,Temperature,Current,RCTA Occupied BW,BSD Occupied BW,Power,Point 1481,Point 1666,Point 1667,Point 1668,Point 1669,Antenna1 GetTxPower,Antenna2 GetTxPower,Antenna1 GetCenterFrequency,Antenna2 GetCenterFrequency,Antenna1 GetCwLeakage,Antenna2 GetCwLeakage,Temperature,Delta,,175.398,85.094,11.901849,2509,5,4,5,4,11.958713,7.838649,24.201615,24.201615,27.630809,26.137406,33.04859,5.771110,
2015-08-01,00:01:02,155380036396,62347,3419A,15W31,61155,38003,6396,28.17396,293.670,174.819,85.094,11.983347,2452,8,4,8,4,11.957805,7.496934,24.201613,24.201612,27.950349,26.650512,34.70148,6.527520,
2015-08-01,00:04:17,155380036495,62347,3419A,15W31,61155,38003,6495,26.88527,289.440,175.398,85.094,11.703383,2520,6,4,6,4,11.734797,7.609727,24.201632,24.201632,26.617309,25.383680,32.74043,5.855160,
2015-08-01,00:05:47,155380036984,62347,3419A,15W31,61155,38003,6984,27.41756,289.460,171.346,88.567,12.208735,2481,7,4,7,4,12.204356,8.645350,24.201601,24.201600,26.948376,25.652398,33.88904,6.471480,
2015-08-01,00:07:08,155380037022,62347,3419A,15W31,61155,38003,7022,27.02535,289.209,175.398,88.567,12.368390,2488,11,4,11,4,12.360113,7.666951,24.201589,24.201588,27.273835,25.800049,33.60889,6.583540,
2015-08-01,00:08:35,155380036721,62347,3419A,15W31,61155,38003,6721,26.88527,289.176,173.661,86.831,12.460290,2483,12,4,12,4,12.366027,8.476004,24.201589,24.201589,26.913983,25.605313,33.83301,6.947740,
2015-08-01,00:09:54,155380036724,62347,3419A,15W31,61155,38003,6724,26.96932,288.634,171.925,86.831,12.402212,2494,10,4,10,4,12.382687,7.671816,24.201601,24.201601,25.902200,24.900766,33.46881,6.499490,
2015-08-01,00:11:15,155380036713,62347,3419A,15W31,61155,38003,6713,27.08138,288.827,174.240,85.962,12.298591,2489,8,4,8,4,12.244951,8.924430,24.201597,24.201596,28.372087,27.020062,33.63691,6.555530,
2015-08-01,00:13:16,155380036871,62347,3419A,15W31,61155,38003,6871,27.13741,284.281,174.819,85.528,12.325309,2484,13,4,13,4,12.384478,8.166765,24.201602,24.201601,27.575107,26.320724,33.66492,6.527510,
2015-08-01,00:14:34,155380036876,62347,3419A,15W31,61155,38003,6876,26.91329,288.080,170.767,85.528,12.252914,2494,9,4,9,4,12.279569,8.147792,24.201599,24.201598,27.562840,26.427849,33.49683,6.583540,
2015-08-01,00:15:43,155380036904,62347,3419A,15W31,61155,38003,6904,27.10939,281.536,175.398,85.962,12.049352,2490,8,4,8,4,12.058828,9.026881,24.201592,24.201592,26.236831,25.350088,33.55286,6.443470,
2015-08-01,00:16:55,155380036823,62347,3419A,15W31,61155,38003,6823,27.08138,286.021,170.188,85.094,12.307531,2493,8,4,8,4,12.303107,7.987815,24.201580,24.201579,28.163341,26.889383,33.55286,6.471480,
2015-08-01,00:18:05,155380036831,62347,3419A,15W31,61155,38003,6831,26.66115,285.421,170.767,85.528,12.158982,2495,11,4,11,4,12.162667,7.668044,24.201584,24.201583,28.425750,26.949851,33.4408,6.779650,
2015-08-01,00:23:18,155380036834,62347,3419A,15W31,61155,38003,6834,25.68062,285.525,173.661,85.962,12.474381,2553,10,4,10,4,12.415889,8.760037,24.201602,24.201602,28.306210,26.980259,31.75989,6.079270,
2015-08-01,00:24:47,155380036613,62347,3419A,15W31,61155,38003,6613,26.18489,288.933,169.609,86.397,12.178915,2516,9,4,9,4,12.200215,8.981741,24.201602,24.201601,27.383635,26.255306,32.99256,6.807670,
2015-08-01,00:26:23,155380036591,62347,3419A,15W31,61155,38003,6591,27.33351,283.804,175.398,86.397,12.296320,2483,10,4,10,4,12.673231,9.627037,24.201584,24.201584,26.136638,25.186795,33.72095,6.387440,
2015-08-01,00:27:28,155380036595,62347,3419A,15W31,61155,38003,6595,27.22145,288.227,175.398,86.397,12.387211,2481,9,4,9,4,12.507812,9.497519,24.201609,24.201608,26.966865,26.061250,33.86103,6.639580,
2015-08-01,00:28:38,155380036533,62347,3419A,15W31,61155,38003,6533,27.10939,290.564,169.609,85.528,12.497068,2484,9,4,9,4,12.475539,8.745739,24.201595,24.201594,28.837821,27.571439,33.86103,6.751640,
2015-08-01,00:29:31,155380036536,62347,3419A,15W31,61155,38003,6536,26.80123,287.060,174.240,85.094,12.027602,2504,8,4,8,4,11.990127,8.184683,24.201581,24.201580,26.263215,25.352434,33.27271,6.471480,
2015-08-01,00:30:49,155380036382,62347,3419A,15W31,61155,38003,6382,27.44557,289.784,169.609,85.094,12.415706,2498,6,4,6,4,12.412659,8.403605,24.201606,24.201605,27.165347,26.021488,33.38477,5.939200,
2015-08-01,00:32:04,155380036971,62347,3419A,15W31,61155,38003,6971,26.96932,287.910,175.398,85.962,12.393394,2484,11,4,11,4,12.399684,9.157750,24.201588,24.201588,26.052641,25.199083,33.74897,6.779650,
2015-08-01,00:33:15,155380036975,62347,3419A,15W31,61155,38003,6975,27.33351,293.868,171.346,85.094,12.281078,2487,6,4,6,4,12.266666,7.972329,24.201589,24.201588,27.721995,26.395885,33.77698,6.443470,
2015-08-01,00:34:26,155380036963,62347,3419A,15W31,61155,38003,6963,26.71718,290.100,173.082,85.962,12.331024,2504,7,4,7,4,12.315971,9.393457,24.201577,24.201576,27.045169,26.108191,33.30072,6.583540,
2015-08-01,00:35:31,155380036966,62347,3419A,15W31,61155,38003,6966,27.44557,290.862,173.661,85.962,12.267257,2474,9,4,9,4,12.348676,8.653841,24.201590,24.201590,27.372148,26.333202,34.08515,6.639580,
2015-08-01,00:36:51,155380037006,62347,3419A,15W31,61155,38003,7006,27.52962,290.585,170.767,85.962,12.376171,2483,6,4,6,4,12.367410,9.586400,24.201617,24.201616,27.014889,26.181593,33.86103,6.331410,
2015-08-01,00:38:04,155380036944,62347,3419A,15W31,61155,38003,6944,27.47359,288.907,171.925,85.962,12.171387,2484,7,4,7,4,12.154332,9.061849,24.201591,24.201591,26.706601,25.689890,33.805,6.331410,
2015-08-01,00:39:13,155380036952,62347,3419A,15W31,61155,38003,6952,27.36153,286.745,173.661,85.962,12.429796,2468,12,4,12,4,12.376984,8.795698,24.201596,24.201595,26.506401,25.458536,34.22522,6.863690,
2015-08-01,00:40:32,155380036956,62347,3419A,15W31,61155,38003,6956,27.3055,286.150,173.661,85.528,12.116259,2484,8,4,8,4,12.056096,8.487092,24.201599,24.201598,26.918116,25.803425,33.83301,6.527510,
2015-08-01,00:41:36,155380036934,62347,3419A,15W31,61155,38003,6934,27.36153,286.734,172.504,88.133,12.466173,2476,10,4,10,4,12.813092,7.672081,24.201580,24.201579,27.534829,26.350142,34.02912,6.667590,
2015-08-01,00:42:58,155380036362,62347,3419A,15W31,61155,38003,6362,27.02535,288.220,170.767,85.962,12.061439,2492,8,4,8,4,12.128701,8.986037,24.201590,24.201589,26.242321,25.364498,33.55286,6.527510,
2015-08-01,00:44:06,155380036366,62347,3419A,15W31,61155,38003,6366,27.08138,285.648,173.082,85.962,12.037679,2501,6,4,6,4,11.994319,9.001573,24.201588,24.201587,26.471670,25.437479,33.35675,6.275370,
2015-08-01,00:45:13,155380036924,62347,3419A,15W31,61155,38003,6924,26.88527,291.546,174.240,86.397,11.996993,2495,8,4,8,4,11.987260,8.428803,24.201587,24.201586,25.495574,24.585337,33.49683,6.611560,
2015-08-01,00:51:15,155480009901,62347,3407A,15W31,61155,48000,9901,26.63314,260.695,173.661,86.397,11.723428,2523,6,4,6,4,11.760775,7.916890,24.200985,24.200984,25.998921,25.010662,32.57233,5.939190,
2015-08-01,00:52:50,155480009906,62347,3407A,15W31,61155,48000,9906,27.02535,269.437,174.240,87.699,12.332947,2500,8,4,8,4,12.342632,8.535975,24.201370,24.201370,27.586459,26.267203,33.24469,6.219340,
2015-08-01,00:53:49,155480009823,62347,3407A,15W31,61155,48000,9823,27.08138,268.151,174.240,85.962,11.904133,2504,6,4,6,4,11.954623,8.765079,24.201450,24.201449,26.434734,25.393244,33.21668,6.135300,
2015-08-01,00:55:13,155480010022,62347,3407A,15W31,61155,48001,0022,26.82924,266.667,174.240,86.397,11.662230,2510,6,4,6,4,11.632898,9.641190,24.200969,24.200968,26.335093,25.307908,33.04859,6.219350,
2015-08-01,00:56:24,155480010026,62347,3407A,15W31,61155,48001,0026,26.96932,268.203,173.082,85.962,12.406821,2497,9,4,9,4,12.351336,9.469158,24.201292,24.201292,28.193596,27.217537,33.38477,6.415450,
2015-08-01,00:57:32,155480009804,62347,3407A,15W31,61155,48000,9804,26.9413,267.366,174.240,88.567,12.417521,2497,9,4,9,4,12.522399,7.708627,24.201763,24.201763,27.920965,26.573666,33.38477,6.443470,
2015-08-01,01:00:26,155480009764,62347,3407A,15W31,61155,48000,9764,27.38954,265.140,174.819,85.962,12.186699,2500,8,4,8,4,12.188474,8.312868,24.201190,24.201190,26.281854,25.304687,33.18866,5.799120,
2015-08-01,01:02:36,155480009811,62347,3407A,15W31,61155,48000,9811,27.44557,267.157,174.240,85.528,12.152730,2502,7,4,7,4,12.162652,8.132554,24.201344,24.201344,27.308327,26.189250,33.16065,5.715080,
2015-08-01,01:04:29,155480009813,62347,3407A,15W31,61155,48000,9813,27.13741,269.127,168.452,85.528,12.401618,2505,10,4,10,4,12.347898,12.300220,24.201234,24.201234,27.102625,27.192965,33.13263,5.995220,
2015-08-01,01:05:42,155480009814,62347,3407A,15W31,61155,48000,9814,31.31165,270.067,174.240,86.397,12.095251,2408,9,4,9,4,12.124936,8.917633,24.201167,24.201167,27.632103,26.411636,35.42987,4.118220,
2015-08-01,01:06:49,155480009795,62347,3407A,15W31,61155,48000,9795,27.61366,265.897,172.504,86.831,11.826744,2488,6,4,6,4,11.783469,8.722475,24.201287,24.201286,24.952228,24.104366,33.52485,5.911190,
2015-08-01,01:07:38,155480009772,62347,3407A,15W31,61155,48000,9772,27.22145,268.931,173.661,85.962,12.300016,2497,8,4,8,4,12.336491,8.837138,24.201018,24.201018,25.519126,24.488270,33.32874,6.107290,
2015-08-01,01:08:29,155480009775,62347,3407A,15W31,61155,48000,9775,27.08138,266.494,174.819,86.397,12.588775,9.201070,24.201516,24.201516,26.188441,25.266309,33.16065,6.079270,
2015-08-01,01:09:26,155480010072,62347,3407A,15W31,61155,48001,0072,27.22145,263.803,174.240,85.962,12.322245,2497,8,4,8,4,12.317147,8.578135,24.201398,24.201397,26.328112,25.075230,33.30072,6.079270,
2015-08-01,01:14:08,155480010074,62347,3407A,15W31,61155,48001,0074,25.79268,267.619,173.082,85.094,12.353668,2552,10,4,10,4,12.691805,8.268488,24.201079,24.201079,26.310459,25.211564,31.75989,5.967210,
2015-08-01,01:16:08,155480009753,62347,3407A,15W31,61155,48000,9753,27.16542,264.151,174.240,87.265,12.169126,2503,8,4,8,4,12.177617,9.985627,24.201341,24.201341,25.737544,24.889946,33.13263,5.967210,
2015-08-01,01:17:12,155480009756,62347,3407A,15W31,61155,48000,9756,28.14595,265.564,169.609,86.831,12.047298,2475,8,4,8,4,12.035677,9.524350,24.201245,24.201245,26.322029,25.404537,33.86103,5.715080,
2015-08-01,01:18:24,155480009743,62347,3407A,15W31,61155,48000,9743,27.27748,265.606,170.767,85.962,12.140063,2497,8,4,8,4,12.118674,8.738975,24.201354,24.201353,25.952668,24.808782,33.30072,6.023240,
2015-08-01,01:19:14,155480009746,62347,3407A,15W31,61155,48000,9746,27.3055,262.281,173.661,85.962,11.985803,2491,8,4,8,4,11.977569,7.979252,24.201475,24.201474,25.551475,24.375912,33.49683,6.191330,
2015-08-01,01:20:09,155480010042,62347,3407A,15W31,61155,48001,0042,27.58565,268.006,175.398,86.397,12.055447,2488,8,4,8,4,12.035163,8.824467,24.201027,24.201027,26.572606,25.516166,33.55286,5.967210,
2015-08-01,01:21:08,155480010046,62347,3407A,15W31,61155,48001,0046,27.5016,269.818,173.082,85.528,12.411357,2469,12,4,12,4,12.424498,8.891102,24.200933,24.200933,29.167916,27.785343,34.14118,6.639580,
2015-08-01,01:22:02,155480010053,62347,3407A,15W31,61155,48001,0053,27.47359,269.224,169.609,86.397,12.252903,2481,8,4,8,4,12.252702,10.075959,24.201612,24.201611,27.101074,26.301019,33.83301,6.359420,
2015-08-01,01:22:56,155480010056,62347,3407A,15W31,61155,48001,0056,27.13741,269.003,174.240,85.962,11.891082,2503,5,4,5,4,11.873606,9.245724,24.201199,24.201199,26.386313,25.430929,33.24469,6.107280,
2015-08-01,01:24:04,155480010064,62347,3407A,15W31,61155,48001,0064,27.80977,266.726,173.661,86.831,11.911982,2475,6,4,6,4,11.912562,9.361381,24.201199,24.201198,25.785625,25.033984,34.05713,6.247360,
2015-08-01,01:25:16,155480010032,62347,3407A,15W31,61155,48001,0032,27.16542,265.519,174.240,85.962,12.297846,2485,10,4,10,4,12.312788,9.029484,24.201430,24.201429,28.846632,27.459702,33.63691,6.471490,
2015-08-01,01:26:19,155480010035,62347,3407A,15W31,61155,48001,0035,27.22145,269.087,175.398,85.528,12.324444,2490,9,4,9,4,12.293742,8.773432,24.201105,24.201105,29.605182,28.063155,33.52485,6.303400,
2015-08-01,01:27:20,155480009843,62347,3407A,15W31,61155,48000,9843,27.55763,267.789,174.819,86.397,12.451788,2478,8,4,8,4,12.464214,9.300662,24.201181,24.201181,26.032070,25.113551,33.88904,6.331410,
2015-08-01,01:28:31,155480010011,62347,3407A,15W31,61155,48001,0011,26.9413,267.186,173.661,85.962,12.085135,2502,8,4,8,4,12.102856,8.987335,24.201290,24.201290,27.055896,26.053780,33.18866,6.247360,
2015-08-01,01:29:49,155480010015,62347,3407A,15W31,61155,48001,0015,27.44557,263.697,170.767,85.094,12.460954,2489,7,4,7,4,12.432678,9.103288,24.201075,24.201074,28.256481,27.247087,33.55286,6.107290,
2015-08-01,01:31:00,155480010002,62347,3407A,15W31,61155,48001,0002,27.66969,269.234,174.819,85.962,11.820012,2484,7,4,7,4,11.896593,8.583315,24.201268,24.201268,27.228343,26.021214,33.66492,5.995230,
2015-08-01,01:32:39,155480009981,62347,3407A,15W31,61155,48000,9981,27.19344,266.973,173.082,85.528,12.461114,2494,8,4,8,4,12.482944,9.604143,24.201612,24.201612,26.538500,25.584791,33.4408,6.247360,
2015-08-01,01:33:42,155480009984,62347,3407A,15W31,61155,48000,9984,27.58565,263.858,170.767,85.962,12.081433,2484,8,4,8,4,12.045410,9.250054,24.201436,24.201436,27.169716,26.123873,33.60889,6.023240,
2015-08-01,01:34:37,155480009921,62347,3407A,15W31,61155,48000,9921,26.80123,266.211,173.661,84.660,12.278752,2498,10,4,10,4,12.594216,9.378148,24.201011,24.201011,27.939518,26.810302,33.32874,6.527510,
2015-08-01,01:35:29,155480009924,62347,3407A,15W31,61155,48000,9924,27.58565,272.290,171.925,85.094,12.297760,2480,8,4,8,4,12.310605,8.781746,24.201496,24.201495,27.729769,26.507631,33.805,6.219350,
2015-08-01,01:37:03,155480009994,62347,3407A,15W31,61155,48000,9994,26.9413,267.567,169.609,85.962,12.309027,2502,7,4,7,4,12.246483,9.701134,24.201313,24.201312,27.109385,26.175438,33.24469,6.303390,
2015-08-01,01:38:23,155480009972,62347,3407A,15W31,61155,48000,9972,27.3055,268.402,172.504,85.528,12.132153,2486,8,4,8,4,12.139512,9.351791,24.201445,24.201445,27.959905,26.846205,33.63691,6.331410,
2015-08-01,01:39:25,155480009975,62347,3407A,15W31,61155,48000,9975,27.69771,267.495,174.819,85.094,12.212444,2480,8,4,8,4,12.210051,9.231689,24.201403,24.201402,27.361712,26.155976,33.805,6.107290,
2015-08-01,01:40:36,155480009963,62347,3407A,15W31,61155,48000,9963,27.64168,267.305,171.346,85.528,12.461674,2480,7,4,7,4,12.425953,9.096439,24.201088,24.201088,27.806825,26.716202,33.88904,6.247360,
2015-08-01,01:41:39,155480009966,62347,3407A,15W31,61155,48000,9966,27.22145,265.054,173.661,85.528,12.385098,2494,9,4,9,4,12.399951,9.106473,24.201058,24.201059,30.244549,28.685848,33.41278,6.191330,
2015-08-01,01:42:39,155480009954,62347,3407A,15W31,61155,48000,9954,27.3055,267.186,174.240,85.528,12.259657,2495,6,4,6,4,12.272737,9.192366,24.201307,24.201306,27.393177,26.141612,33.46881,6.163310,
2015-08-01,01:43:33,155480009891,62347,3407A,15W31,61155,48000,9891,26.91329,267.420,170.767,86.397,12.356152,2498,7,4,7,4,12.344780,9.574175,24.201321,24.201321,27.597765,26.625228,33.35675,6.443460,
2015-08-01,01:44:27,155480009894,62347,3407A,15W31,61155,48000,9894,27.61366,269.334,170.767,86.831,11.956572,2476,7,4,7,4,11.915335,9.560760,24.201295,24.201295,26.956497,26.258323,33.94507,6.331410,
2015-08-01,01:46:43,155480009942,62347,3407A,15W31,61155,48000,9942,27.19344,265.253,174.819,86.397,12.351274,2508,8,4,8,4,12.353291,9.219156,24.201252,24.201251,28.076374,26.700630,32.93653,5.743090,
2015-08-01,01:50:32,155480009946,62347,3407A,15W31,61155,48000,9946,26.40902,264.670,170.767,85.962,12.485833,2507,10,4,10,4,12.793446,9.937366,24.201223,24.201223,28.842999,27.537897,33.13263,6.723610,
2015-08-01,01:59:57,155280027114,62347,3425A,15W31,61155,28002,7114,26.85726,264.785,167.873,85.528,12.292964,2511,11,4,11,4,12.293580,7.784123,24.201424,24.201424,28.890529,27.403037,32.79645,5.939190,
2015-08-01,02:01:10,155280027103,62347,3425A,15W31,61155,28002,7103,27.10939,266.999,175.398,87.265,12.459903,2482,11,4,11,4,12.484527,8.081892,24.201150,24.201150,27.929541,26.391335,33.77698,6.667590,
2015-08-01,02:02:22,155280027031,62347,3425A,15W31,61155,28002,7031,27.16542,269.816,169.609,85.528,12.350714,2492,8,4,8,4,12.323708,8.281781,24.201336,24.201336,26.950995,25.588192,33.4408,6.275380,
2015-08-01,02:04:20,155280027035,62347,3425A,15W31,61155,28002,7035,27.13741,264.659,174.819,86.831,12.378871,2503,11,4,11,4,12.430636,7.710973,24.201214,24.201214,27.824888,26.602073,33.04859,5.911180,
2015-08-01,02:05:31,155280027072,62347,3425A,15W31,61155,28002,7072,27.58565,269.220,174.819,87.265,12.084480,2494,9,4,9,4,12.135485,8.122273,24.201060,24.201060,26.111855,25.115214,33.30072,5.715070,
2015-08-01,02:06:46,155280027075,62347,3425A,15W31,61155,28002,7075,26.80123,268.835,174.240,85.962,12.425750,2505,11,4,11,4,12.460360,8.692485,24.200959,24.200959,26.164038,24.937915,33.0766,6.275370,
2015-08-01,02:07:57,155280026911,62347,3425A,15W31,61155,28002,6911,27.44557,267.547,171.925,86.397,11.980301,2501,6,4,6,4,11.950059,9.622179,24.201006,24.201005,25.306576,24.514344,33.18866,5.743090,
2015-08-01,02:08:57,155280026915,62347,3425A,15W31,61155,28002,6915,26.77321,269.476,174.240,85.962,11.874838,2511,6,4,6,4,11.919825,9.385007,24.201519,24.201519,25.043508,24.254119,32.99256,6.219350,
2015-08-01,02:13:44,155280027065,62347,3425A,15W31,61155,28002,7065,25.59658,265.668,173.661,86.831,12.257938,2563,9,4,9,4,12.257883,7.293519,24.201583,24.201583,26.534751,25.096493,31.36768,5.771100,
2015-08-01,02:19:27,155280026931,62347,3425A,15W31,61155,28002,6931,24.70009,270.787,175.398,85.962,12.372615,2602,6,4,6,4,12.376783,9.596441,24.201097,24.201097,25.707056,24.797682,30.35914,5.659050,
2015-08-01,02:20:44,155280026935,62347,3425A,15W31,61155,28002,6935,26.381,269.618,173.082,85.962,11.773237,2529,6,4,6,4,11.715428,8.940892,24.201240,24.201239,26.324666,25.381425,32.5163,6.135300,
2015-08-01,02:22:26,155280026936,62347,3425A,15W31,61155,28002,6936,26.60512,267.898,173.082,86.831,12.434941,2526,8,4,8,4,12.432532,9.723900,24.201548,24.201547,27.036240,26.249643,32.43225,5.827130,
2015-08-01,02:24:25,155280026923,62347,3425A,15W31,61155,28002,6923,27.33351,266.663,174.819,85.962,11.987219,2511,6,4,6,4,11.973362,9.077873,24.201402,24.201401,26.777505,25.787303,32.8805,5.546990,
2015-08-01,02:25:22,155280026926,62347,3425A,15W31,61155,28002,6926,26.77321,267.775,172.504,86.397,12.322293,2511,8,4,8,4,12.305429,9.420012,24.201044,24.201043,27.195640,26.154386,32.99256,6.219350,
2015-08-01,02:26:56,155280026964,62347,3425A,15W31,61155,28002,6964,28.53816,266.438,175.398,87.265,12.375883,2447,11,4,11,4,12.397497,7.660230,24.201082,24.201082,28.482275,27.247745,34.67346,6.135300,
2015-08-01,02:31:10,155280026943,62347,3425A,15W31,61155,28002,6943,26.54909,264.702,173.082,85.962,12.053843,2534,8,4,8,4,12.018399,7.314055,24.201515,24.201514,27.009692,25.539477,32.18012,5.631030,
2015-08-01,02:36:24,155280026944,62347,3425A,15W31,61155,28002,6944,24.84017,261.885,174.819,85.962,12.260367,2597,6,4,6,4,12.288833,8.156041,24.201071,24.201070,27.402608,26.117822,30.4712,5.631030,
2015-08-01,02:37:39,155280026972,62347,3425A,15W31,61155,28002,6972,26.35299,268.620,174.819,87.265,12.294021,2509,11,4,11,4,12.274015,6.773685,24.201071,24.201070,28.085469,26.721002,33.02057,6.667580,
2015-08-01,02:38:48,155280026975,62347,3425A,15W31,61155,28002,6975,28.22999,268.706,171.346,88.567,12.281430,2462,9,4,9,4,12.234458,6.579801,24.201293,24.201292,27.700814,26.266479,34.22522,5.995230,
2015-08-01,02:39:55,155280027132,62347,3425A,15W31,61155,28002,7132,27.47359,265.656,172.504,86.397,12.423543,2478,12,4,12,4,12.434593,7.711291,24.201307,24.201307,26.646380,25.426066,33.77698,6.303390,
2015-08-01,02:41:04,155280027136,62347,3425A,15W31,61155,28002,7136,27.22145,270.826,171.346,88.133,12.434823,2486,11,4,11,4,12.421560,7.527182,24.201071,24.201071,26.821029,25.589771,33.60889,6.387440,
2015-08-01,02:42:11,155280027144,62347,3425A,15W31,61155,28002,7144,27.52962,267.149,168.452,87.699,12.301417,2468,11,4,11,4,12.298187,7.628784,24.201263,24.201263,26.353117,25.270447,34.16919,6.639570,
2015-08-01,02:43:17,155280027082,62347,3425A,15W31,61155,28002,7082,26.71718,269.601,174.240,87.699,12.492909,2494,12,4,12,4,12.494120,7.678001,24.201078,24.201077,28.006691,26.660804,33.41278,6.695600,
2015-08-01,02:44:23,155280027085,62347,3425A,15W31,61155,28002,7085,27.64168,267.740,171.346,86.831,12.312410,2468,12,4,12,4,12.242288,7.874220,24.201661,24.201661,28.996531,28.018270,34.11316,6.471480,
2015-08-01,02:45:43,155280027094,62347,3425A,15W31,61155,28002,7094,26.77321,266.190,174.240,86.397,12.190426,2504,9,4,9,4,12.170621,8.195215,24.201563,24.201563,26.536468,25.617234,33.13263,6.359420,
2015-08-01,02:48:02,155280027042,62347,3425A,15W31,61155,28002,7042,27.61366,262.839,171.925,85.962,12.432220,2488,10,4,10,4,12.407727,9.049653,24.201157,24.201157,26.696948,25.502712,33.46881,5.855150,
2015-08-01,02:49:04,155280027044,62347,3425A,15W31,61155,28002,7044,26.66115,264.728,173.661,85.528,12.280215,2518,11,4,11,4,12.247925,8.552965,24.201076,24.201076,26.934987,25.628660,32.62836,5.967210,
2015-08-01,02:50:21,155280027053,62347,3425A,15W31,61155,28002,7053,27.22145,269.325,173.661,85.962,12.232179,2485,9,4,9,4,12.157035,8.688053,24.201074,24.201074,27.733798,26.525047,33.66492,6.443470,
2015-08-01,02:51:17,155280027056,62347,3425A,15W31,61155,28002,7056,26.99733,266.844,173.082,86.831,12.106961,2504,7,4,7,4,12.102995,8.701385,24.201273,24.201272,27.155494,25.995586,33.18866,6.191330,
2015-08-01,02:54:51,155280027021,62347,3425A,15W31,61155,28002,7021,25.93276,267.513,173.661,85.962,12.432911,2537,14,4,14,4,12.356619,6.716489,24.201661,24.201661,31.299860,29.253187,32.12409,6.191330,
2015-08-01,02:56:48,155280027011,62347,3425A,15W31,61155,28002,7011,26.9413,267.386,173.661,86.831,12.152056,2505,9,4,9,4,12.145840,5.905880,24.201276,24.201275,28.715858,26.782980,33.0766,6.135300,
2015-08-01,02:57:49,155280027015,62347,3425A,15W31,61155,28002,7015,28.00587,264.814,169.609,85.094,12.365919,2466,12,4,12,4,12.349724,7.747252,24.201590,24.201589,28.119223,26.558423,34.11316,6.107290,
2015-08-01,03:33:35,155280026991,62347,3425A,15W31,61155,28002,6991,22.23477,266.615,173.661,85.094,12.079910,2687,7,4,7,4,12.046760,7.465330,24.201190,24.201190,27.416359,26.060588,28.00587,5.771100,
2015-08-01,03:35:07,155280026996,62347,3425A,15W31,61155,28002,6996,26.35299,264.604,170.767,85.962,12.270928,2526,9,4,9,4,12.232872,7.246305,24.200763,24.200762,28.169137,26.671901,32.48829,6.135300,
2015-08-01,03:38:00,155280026981,62347,3425A,15W31,61155,28002,6981,26.21291,262.843,173.661,85.528,12.153038,2539,10,4,10,4,12.128459,8.260419,24.201122,24.201122,27.228389,26.012995,32.04004,5.827130,
2015-08-01,03:39:22,155280026986,62347,3425A,15W31,61155,28002,6986,25.90474,266.243,173.082,85.094,12.213629,2540,9,4,9,4,13.413252,10.122404,24.201081,24.201081,29.212978,27.962754,32.12409,6.219350,
2015-08-01,03:40:38,155280026955,62347,3425A,15W31,61155,28002,6955,26.80123,267.586,174.819,85.962,12.069388,2510,7,4,7,4,12.053497,9.464005,24.201433,24.201433,27.024057,26.081658,32.99256,6.191330,
2015-08-01,03:49:49,154980028951,62347,3433A,15W31,61154,98002,8951,26.80123,286.716,174.819,85.528,12.225229,2505,9,4,9,4,12.242146,8.070297,24.201626,24.201625,26.670233,25.441715,33.13263,6.331400,
2015-08-01,03:51:04,154980028953,62347,3433A,15W31,61154,98002,8953,26.54909,293.647,175.398,85.528,12.327459,2518,9,4,9,4,12.292464,8.021782,24.201582,24.201582,27.450164,26.163674,32.76844,6.219350,
2015-08-01,03:52:19,154980028991,62347,3433A,15W31,61154,98002,8991,26.40902,289.271,173.661,86.397,11.960763,2526,6,4,6,4,11.938901,9.147246,24.201564,24.201563,26.748264,25.589029,32.60035,6.191330,
2015-08-01,03:54:07,154980028995,62347,3433A,15W31,61154,98002,8995,26.66115,288.967,171.925,85.094,12.130160,2515,9,4,9,4,12.149889,9.323144,24.201609,24.201608,27.259084,26.195030,32.82447,6.163320,
2015-08-01,03:55:23,154980028982,62347,3433A,15W31,61154,98002,8982,26.71718,287.634,174.240,85.094,12.303267,2516,8,4,8,4,12.281775,7.054410,24.201602,24.201601,27.731941,25.982905,32.79645,6.079270,
2015-08-01,03:56:30,154980028985,62347,3433A,15W31,61154,98002,8985,26.71718,290.045,171.925,85.094,12.029734,2510,8,4,8,4,11.993147,6.278234,24.201592,24.201591,28.056726,26.504498,32.99256,6.275380,
2015-08-01,03:58:02,154980029023,62347,3433A,15W31,61154,98002,9023,27.02535,290.960,168.452,85.962,12.108186,2503,8,4,8,4,12.096486,6.566131,24.201599,24.201598,27.043657,25.581086,33.18866,6.163310,
2015-08-01,03:59:09,154980029026,62347,3433A,15W31,61154,98002,9026,26.68917,289.427,174.819,86.397,11.886650,2518,7,4,7,4,11.868130,6.454554,24.201566,24.201565,27.535683,26.199909,32.79645,6.107280,
2015-08-01,04:00:14,154980028923,62347,3433A,15W31,61154,98002,8923,27.33351,283.265,175.398,86.831,12.167043,2488,9,4,9,4,12.130175,8.157590,24.201606,24.201606,28.432821,26.924502,33.58088,6.247370,
2015-08-01,04:01:44,154980028941,62347,3433A,15W31,61154,98002,8941,26.88527,290.746,175.398,85.962,12.398851,2507,8,4,8,4,12.384627,9.041482,24.201629,24.201628,27.089399,25.990591,33.0766,6.191330,
2015-08-01,04:03:24,154980028946,62347,3433A,15W31,61154,98002,8946,26.99733,290.306,173.082,85.094,12.399626,2491,11,4,11,4,12.409508,8.797226,24.201580,24.201580,27.477669,26.248679,33.55286,6.555530,
2015-08-01,04:04:34,154980029003,62347,3433A,15W31,61154,98002,9003,26.77321,291.228,173.661,85.528,11.827307,2518,6,4,6,4,11.767346,7.301521,24.201619,24.201619,24.907013,23.728311,32.74043,5.967220,
2015-08-01,04:05:46,154980029006,62347,3433A,15W31,61154,98002,9006,26.43703,286.843,174.240,86.831,12.410370,2499,17,4,17,4,12.367620,7.207753,24.201581,24.201581,28.786159,27.181774,33.21668,6.779650,
2015-08-01,04:07:05,154980028964,62347,3433A,15W31,61154,98002,8964,26.57711,288.617,175.398,86.397,12.414140,2515,8,4,8,4,12.431108,9.721542,24.201630,24.201630,26.834494,25.984937,32.8805,6.303390,
2015-08-01,04:08:27,154980028401,62347,3433A,15W31,61154,98002,8401,27.33351,287.041,173.661,85.962,12.377410,2493,9,4,9,4,12.422802,8.793115,24.201577,24.201576,27.339151,26.091689,33.49683,6.163320,
2015-08-01,04:09:48,154980028406,62347,3433A,15W31,61154,98002,8406,26.57711,291.373,169.030,85.962,11.975396,2516,7,4,7,4,11.998281,8.575592,24.201606,24.201605,27.210200,26.084321,32.90851,6.331400,
2015-08-01,04:11:05,154980028804,62347,3433A,15W31,61154,98002,8804,27.24947,288.503,170.767,85.962,12.455303,2498,8,4,8,4,12.373186,8.746271,24.201560,24.201559,26.325138,25.366658,33.35675,6.107280,
2015-08-01,04:12:13,154980028881,62347,3433A,15W31,61154,98002,8881,27.19344,291.328,170.767,85.094,12.190540,2499,7,4,7,4,12.237139,8.627426,24.201614,24.201613,26.921510,25.835016,33.27271,6.079270,
2015-08-01,04:13:44,154980028884,62347,3433A,15W31,61154,98002,8884,27.22145,287.573,170.767,86.397,12.035477,2501,7,4,7,4,12.013090,9.492474,24.201600,24.201600,27.268703,27.073221,33.27271,6.051260,
2015-08-01,04:14:49,154980028886,62347,3433A,15W31,61154,98002,8886,26.66115,292.136,174.819,85.528,12.046231,2522,6,4,6,4,12.081467,8.708972,24.201575,24.201575,26.395514,25.484629,32.65638,5.995230,
2015-08-01,04:18:48,154980028874,62347,3433A,15W31,61154,98002,8874,26.18489,285.275,175.398,86.397,11.807561,2547,6,4,6,4,11.866607,8.692931,24.201590,24.201590,25.485811,24.515491,31.98401,5.799120,
2015-08-01,04:20:10,154980028876,62347,3433A,15W31,61154,98002,8876,26.04482,284.548,174.240,85.094,12.187938,2549,7,4,7,4,12.210150,8.557024,24.201613,24.201612,25.810923,24.934158,31.84394,5.799120,
2015-08-01,04:21:35,154980029054,62347,3433A,15W31,61154,98002,9054,26.49306,285.182,169.030,86.831,12.337265,2512,10,4,10,4,12.686346,7.188682,24.201606,24.201606,27.378781,26.077689,32.93653,6.443470,
2015-08-01,04:22:57,154980029322,62347,3433A,15W31,61154,98002,9322,27.5016,287.306,173.661,85.528,12.320230,2482,9,4,9,4,12.280013,6.477851,24.201590,24.201590,27.980597,26.383497,33.77698,6.275380,
2015-08-01,04:24:20,154980029326,62347,3433A,15W31,61154,98002,9326,27.19344,285.323,172.504,85.528,12.118340,2493,8,4,8,4,12.061182,6.785925,24.201645,24.201645,29.264336,27.423902,33.46881,6.275370,
2015-08-01,04:26:43,154980029095,62347,3433A,15W31,61154,98002,9095,27.36153,288.892,172.504,87.265,11.956281,2500,7,4,7,4,11.906187,8.832510,24.201577,24.201577,24.660323,23.893546,33.21668,5.855150,
2015-08-01,04:27:48,154980029334,62347,3433A,15W31,61154,98002,9334,26.85726,287.005,171.925,86.831,12.438801,2490,13,4,13,4,12.420536,6.889731,24.201583,24.201582,29.386303,27.588418,33.52485,6.667590,
2015-08-01,04:29:16,154980029163,62347,3433A,15W31,61154,98002,9163,27.10939,290.055,172.504,85.528,12.420102,2493,10,4,10,4,12.443397,8.838523,24.201600,24.201599,28.533416,27.344677,33.49683,6.387440,
2015-08-01,04:30:41,154980029082,62347,3433A,15W31,61154,98002,9082,27.16542,288.530,173.661,85.094,12.102281,2500,7,4,7,4,12.109303,7.897286,24.201578,24.201577,28.782043,27.095243,33.30072,6.135300,
2015-08-01,04:32:08,154980029085,62347,3433A,15W31,61154,98002,9085,26.91329,283.555,171.925,85.962,12.244952,2503,10,4,10,4,12.248869,8.582426,24.201587,24.201586,27.783440,26.469819,33.16065,6.247360,
2015-08-01,04:33:30,154980029063,62347,3433A,15W31,61154,98002,9063,26.96932,286.341,172.504,86.397,12.064395,2500,8,4,8,4,12.030776,8.010185,24.201590,24.201590,26.599260,25.371902,33.30072,6.331400,
2015-08-01,04:34:56,154980029302,62347,3433A,15W31,61154,98002,9302,27.38954,283.033,174.240,86.397,12.358810,2486,9,4,9,4,12.343709,9.495530,24.201588,24.201588,26.805327,25.786423,33.63691,6.247370,
2015-08-01,04:38:34,154980029303,62347,3433A,15W31,61154,98002,9303,25.93276,283.491,172.504,85.962,12.293357,2557,6,4,6,4,12.206423,9.082886,24.201601,24.201600,27.080997,26.014209,31.70386,5.771100,
2015-08-01,04:40:34,154980029113,62347,3433A,15W31,61154,98002,9113,26.9413,287.753,171.925,85.528,13.721519,10.277005,24.201589,24.201589,26.864455,26.020390,32.99256,6.051260,
2015-08-01,04:41:57,154980029121,62347,3433A,15W31,61154,98002,9121,26.68917,288.190,172.504,85.094,12.210642,2504,10,4,10,4,12.564633,7.542945,24.201596,24.201595,26.387634,25.142673,33.16065,6.471480,
2015-08-01,04:43:20,154980029126,62347,3433A,15W31,61154,98002,9126,26.91329,290.456,171.925,86.397,12.385513,2490,11,4,11,4,12.423155,8.437373,24.201594,24.201593,25.304535,24.238249,33.52485,6.611560,
2015-08-01,04:44:50,154980029105,62347,3433A,15W31,61154,98002,9105,26.82924,285.554,170.767,86.397,12.141644,2501,8,4,8,4,12.159610,8.846380,24.201575,24.201575,25.520940,24.721349,33.30072,6.471480,
2015-08-01,04:46:18,154980029144,62347,3433A,15W31,61154,98002,9144,26.80123,292.179,171.346,86.397,12.480425,2495,9,4,9,4,12.429325,8.359357,24.201585,24.201585,26.702904,25.605011,33.52485,6.723620,
2015-08-01,04:48:06,154980029183,62347,3433A,15W31,61154,98002,9183,26.99733,289.537,174.819,85.962,12.265025,2498,9,4,9,4,12.238790,7.195035,24.201600,24.201599,27.306676,25.990355,33.35675,6.359420,
2015-08-01,04:49:29,154980029192,62347,3433A,15W31,61154,98002,9192,26.7452,285.603,175.398,85.528,12.130601,2503,8,4,8,4,12.087705,8.857199,24.201586,24.201586,26.836378,25.703561,33.24469,6.499490,
2015-08-01,04:50:43,154980029196,62347,3433A,15W31,61154,98002,9196,26.85726,289.062,171.925,86.397,11.877185,2500,7,4,7,4,11.885414,7.313401,24.201611,24.201611,27.650449,26.402953,33.35675,6.499490,
2015-08-01,04:52:47,154980029206,62347,3433A,15W31,61154,98002,9206,26.63314,287.684,174.819,86.831,12.467991,2507,9,4,9,4,12.407873,9.773345,24.201584,24.201583,26.165181,25.472150,33.16065,6.527510,
2015-08-01,04:53:55,154980029214,62347,3433A,15W31,61154,98002,9214,27.24947,289.249,174.240,86.397,12.152955,2482,9,4,9,4,12.159903,7.630913,24.201602,24.201601,27.274708,25.910823,33.83301,6.583540,
2015-08-01,04:59:14,154980029216,62347,3433A,15W31,61154,98002,9216,25.23238,282.343,172.504,86.831,12.285623,2570,9,4,9,4,12.143294,8.001597,24.201608,24.201607,27.793934,26.515811,31.28364,6.051260,
2015-08-01,05:00:51,154980029236,62347,3433A,15W31,61154,98002,9236,28.03389,287.809,173.082,86.397,12.287847,2462,8,4,8,4,12.328310,8.987513,24.201590,24.201589,26.351555,25.296041,34.30927,6.275380,
2015-08-01,05:02:00,154980029224,62347,3433A,15W31,61154,98002,9224,26.85726,286.284,174.240,85.528,12.310501,2496,10,4,10,4,12.287187,8.148857,24.201588,24.201587,27.480461,26.246033,33.4408,6.583540,
2015-08-01,05:03:12,154980029272,62347,3433A,15W31,61154,98002,9272,26.54909,285.668,174.240,86.397,11.961409,2513,7,4,7,4,11.962289,8.794863,24.201593,24.201592,25.493011,24.611501,33.02057,6.471480,
2015-08-01,05:04:24,154980029276,62347,3433A,15W31,61154,98002,9276,26.96932,286.047,170.767,85.962,12.369430,2482,12,4,12,4,12.339792,8.164945,24.201580,24.201579,27.078307,26.034201,33.83301,6.863690,
2015-08-01,05:09:02,154980029243,62347,3434A,15W31,61154,98002,9243,27.19344,284.555,173.661,86.831,12.338384,2495,6,4,6,4,12.356724,9.157332,24.201580,24.201579,26.351334,25.342860,33.46881,6.275370,
2015-08-01,05:11:37,154980029292,62347,3434A,15W31,61154,98002,9292,26.49306,283.671,174.240,84.660,12.188262,2527,7,4,7,4,12.192234,8.103671,24.201612,24.201612,28.355512,26.637783,32.46027,5.967210,
2015-08-01,05:13:15,154980029252,62347,3434A,15W31,61154,98002,9252,26.35299,286.916,174.819,86.831,12.386403,2517,9,4,9,4,12.423207,7.928162,24.201566,24.201565,27.287365,26.056194,32.85248,6.499490,
2015-08-01,05:14:40,154980029256,62347,3434A,15W31,61154,98002,9256,27.22145,288.429,171.925,85.962,12.352196,2482,11,4,11,4,12.613832,7.772622,24.201618,24.201618,28.339892,26.818091,33.74897,6.527520,
2015-08-01,05:15:54,154980029284,62347,3434A,15W31,61154,98002,9284,26.82924,287.687,172.504,86.831,12.058386,2503,8,4,8,4,12.089328,7.900466,24.201574,24.201573,27.858247,26.439256,33.24469,6.415450,
2015-08-01,05:16:53,154980029286,62347,3434A,15W31,61154,98002,9286,27.33351,285.877,173.661,85.094,12.359140,2489,9,4,9,4,12.361548,8.420111,24.201590,24.201589,29.601721,28.023530,33.60889,6.275380,
2015-08-01,05:18:06,154980029394,62347,3434A,15W31,61154,98002,9394,26.40902,287.654,169.030,86.397,11.683470,2522,5,4,5,4,11.680049,8.744126,24.201586,24.201585,26.385883,25.268572,32.79645,6.387430,
2015-08-01,05:20:15,154980029404,62347,3434A,15W31,61154,98002,9404,27.05336,285.961,173.082,86.397,12.094901,2490,7,4,7,4,12.080517,8.673151,24.201591,24.201591,26.044392,25.256130,33.66492,6.611560,
2015-08-01,05:22:36,154980029413,62347,3434A,15W31,61154,98002,9413,27.19344,286.999,169.609,85.528,12.285198,2499,8,4,8,4,12.283409,8.973757,24.201603,24.201603,26.545543,25.498153,33.35675,6.163310,
2015-08-01,05:24:00,154980029432,62347,3434A,15W31,61154,98002,9432,27.33351,285.807,173.082,86.397,12.211317,2490,7,4,7,4,12.213989,8.001483,24.201594,24.201593,28.661340,27.056321,33.60889,6.275380,
2015-08-01,05:27:22,154980029433,62347,3434A,15W31,61154,98002,9433,25.98879,285.234,170.767,85.528,12.115306,2544,9,4,9,4,12.110515,7.717450,24.201579,24.201578,27.849440,26.507242,32.01203,6.023240,
2015-08-01,05:30:32,154980029422,62347,3434A,15W31,61154,98002,9422,25.96077,285.515,173.661,86.397,12.284666,2552,10,4,10,4,12.658889,8.467867,24.201616,24.201616,28.547084,27.168334,31.73188,5.771110,
2015-08-01,05:53:47,154980029423,62347,3434A,15W31,61154,98002,9423,22.65499,282.961,174.240,85.094,12.353159,2672,6,4,6,4,12.350426,8.121223,24.201619,24.201618,28.155382,26.703924,28.53816,5.883170,
2015-08-01,06:01:20,154980029426,62347,3434A,15W31,61154,98002,9426,23.04721,284.511,173.661,85.528,12.438046,2649,8,4,8,4,12.455347,7.367894,24.201628,24.201627,29.089067,27.413963,29.12648,6.079270,
2015-08-01,06:03:05,154980029446,62347,3434A,15W31,61154,98002,9446,28.79029,291.162,173.661,85.528,12.196283,2429,9,4,9,4,12.204512,7.668152,24.201590,24.201590,28.331161,26.806425,35.23376,6.443470,
2015-08-01,06:04:11,154980029453,62347,3434A,15W31,61154,98002,9453,26.7452,287.377,173.082,87.265,12.383880,2510,7,4,7,4,12.368707,9.943981,24.201595,24.201595,26.469515,25.634185,33.02057,6.275370,
2015-08-01,06:05:11,154980029461,62347,3434A,15W31,61154,98002,9461,26.57711,290.905,172.504,86.397,12.338920,2517,6,4,6,4,12.275607,7.427065,24.201619,24.201618,27.133053,25.806696,32.8805,6.303390,
2015-08-01,06:06:21,154980029465,62347,3434A,15W31,61154,98002,9465,27.08138,287.289,170.767,86.831,12.238088,2498,8,4,8,4,12.221654,7.101111,24.201602,24.201601,27.385840,26.142126,33.41278,6.331400,
2015-08-01,06:07:34,154980029483,62347,3434A,15W31,61154,98002,9483,26.9413,290.415,170.767,85.528,12.087441,2499,7,4,7,4,12.072958,7.578375,24.201590,24.201590,26.276736,25.079268,33.38477,6.443470,
2015-08-01,06:08:43,154980029491,62347,3434A,15W31,61154,98002,9491,27.08138,286.337,170.188,86.397,12.382524,2493,8,4,8,4,12.363688,7.436322,24.201591,24.201590,27.485623,25.899158,33.55286,6.471480,
2015-08-01,06:09:57,154980029495,62347,3434A,15W31,61154,98002,9495,27.72572,286.697,173.661,86.831,12.036758,2468,8,4,8,4,12.029972,6.835139,24.201580,24.201579,26.935923,25.429460,34.19721,6.471490,
2015-08-01,06:11:56,154980029475,62347,3434A,15W31,61154,98002,9475,26.54909,286.481,170.767,85.094,12.342297,2515,8,4,8,4,12.310764,7.226536,24.201579,24.201578,28.136174,26.707355,32.90851,6.359420,
2015-08-01,06:13:05,154980029503,62347,3434A,15W31,61154,98002,9503,26.85726,288.901,174.819,85.962,12.200561,2502,7,4,7,4,12.230942,7.948344,24.201576,24.201575,28.093122,26.842932,33.35675,6.499490,
2015-08-01,06:14:32,154980029512,62347,3434A,15W31,61154,98002,9512,26.46505,287.432,172.504,85.962,12.288955,2515,8,4,8,4,12.284736,7.577397,24.201592,24.201592,27.251299,25.868134,32.93653,6.471480,
2015-08-01,06:16:01,154980029531,62347,3434A,15W31,61154,98002,9531,26.80123,288.019,173.661,87.265,12.102359,2506,7,4,7,4,12.037268,8.897154,24.201606,24.201605,26.141614,24.944813,33.16065,6.359420,
2015-08-01,06:17:00,154980029534,62347,3434A,15W31,61154,98002,9534,26.60512,289.607,173.082,86.397,12.349641,2515,6,4,6,4,12.328634,9.101830,24.201593,24.201592,25.171673,24.275368,32.93653,6.331410,
2015-08-01,06:18:25,154980029583,62347,3434A,15W31,61154,98002,9583,27.47359,290.101,174.240,85.528,12.329394,2474,9,4,9,4,12.366621,7.552018,24.201578,24.201577,27.405112,26.266093,34.08515,6.611560,
2015-08-01,06:20:47,154980029631,62347,3434A,15W31,61154,98002,9631,27.47359,280.694,170.188,85.528,12.253498,2499,7,4,7,4,12.255308,8.139449,24.201614,24.201614,26.414144,25.134422,33.27271,5.799120,
2015-08-01,06:22:06,154980029632,62347,3434A,15W31,61154,98002,9632,32.48829,294.220,173.661,85.094,12.218591,2364,6,4,6,4,12.277558,7.881053,24.201575,24.201575,27.292262,26.002616,36.77459,4.286300,
2015-08-01,06:23:17,154980029614,62347,3434A,15W31,61154,98002,9614,26.85726,289.885,173.661,86.397,12.170539,2504,6,4,6,4,12.121419,9.908680,24.201610,24.201609,26.351562,25.513959,33.27271,6.415450,
2015-08-01,06:24:33,154980029643,62347,3434A,15W31,61154,98002,9643,27.02535,290.192,172.504,86.397,11.822102,2500,6,4,6,4,11.765726,8.718471,24.201585,24.201584,24.606277,23.811867,33.41278,6.387430,
2015-08-01,06:25:28,154980029646,62347,3434A,15W31,61154,98002,9646,27.27748,282.392,173.082,86.397,12.299300,2492,6,4,6,4,12.319217,9.718835,24.201600,24.201599,26.242967,25.259972,33.63691,6.359430,
2015-08-01,06:26:36,154980029545,62347,3434A,15W31,61154,98002,9545,26.88527,286.249,172.504,87.265,12.394547,2505,6,4,6,4,12.450198,10.343687,24.201582,24.201581,25.132050,24.371535,33.30072,6.415450,
2015-08-01,06:27:49,154980029604,62347,3434A,15W31,61154,98002,9604,27.10939,286.086,175.398,87.265,12.080431,2494,7,4,7,4,12.066079,9.512513,24.201598,24.201598,25.492506,24.813899,33.52485,6.415460,
2015-08-01,06:30:00,154980029626,62347,3434A,15W31,61154,98002,9626,26.77321,286.527,174.819,87.265,12.481179,2506,7,4,7,4,12.479658,10.040221,24.201596,24.201595,26.048776,25.352304,33.16065,6.387440,
2015-08-01,06:31:09,154980029555,62347,3434A,15W31,61154,98002,9555,27.02535,288.752,174.819,85.094,12.228992,2499,6,4,6,4,12.246472,8.828156,24.201493,24.201492,27.052283,25.800582,33.41278,6.387430,
2015-08-01,06:32:57,154980029521,62347,3434A,15W31,61154,98002,9521,26.91329,286.491,174.240,86.831,11.852660,2508,6,4,6,4,11.849351,8.333797,24.201596,24.201596,25.267565,24.151490,33.16065,6.247360,
2015-08-01,06:34:25,154980029526,62347,3434A,15W31,61154,98002,9526,27.16542,290.172,175.398,87.699,12.144477,2492,7,4,7,4,12.109218,9.038363,24.201589,24.201588,26.484357,25.451303,33.58088,6.415460,
2015-08-01,06:35:36,154980029075,62347,3434A,15W31,61154,98002,9075,27.19344,288.551,174.240,88.133,12.376803,2481,9,4,9,4,12.416397,7.888347,24.201592,24.201591,28.264805,27.014621,33.88904,6.695600,
2015-08-01,06:37:35,154980028975,62347,3434A,15W31,61154,98002,8975,27.47359,288.860,169.030,85.094,12.146777,2478,10,4,10,4,12.193225,7.655143,24.201581,24.201580,27.614100,26.247682,33.91706,6.443470,
2015-08-01,06:39:40,154980029175,62347,3434A,15W31,61154,98002,9175,27.19344,290.453,175.398,87.265,12.394627,2484,9,4,9,4,12.388644,8.042208,24.201601,24.201600,28.008077,26.887313,33.805,6.611560,
2015-08-01,06:41:08,154980029154,62347,3434A,15W31,61154,98002,9154,26.82924,285.397,172.504,85.962,12.281506,2500,8,4,8,4,12.303974,8.160668,24.201588,24.201587,26.411646,25.332839,33.30072,6.471480,
2015-08-01,06:42:02,154980029131,62347,3434A,15W31,61154,98002,9131,26.77321,288.791,174.240,85.962,11.822259,2500,7,4,7,4,11.817452,7.696657,24.201587,24.201586,27.113948,25.906532,33.35675,6.583540,
2015-08-01,06:43:22,154980029134,62347,3434A,15W31,61154,98002,9134,27.94984,288.186,172.504,87.265,12.399487,2459,10,4,10,4,12.323456,7.005709,24.201593,24.201592,28.537769,26.815062,34.42133,6.471490,
2015-08-01,07:22:09,155380037041,62347,3418A,15W31,61155,38003,7041,25.51253,286.284,170.767,85.528,12.093378,2569,8,4,8,4,12.038050,6.959332,24.201635,24.201634,29.698928,27.589434,31.31165,5.799120,
2015-08-01,07:23:52,155380037046,62347,3418A,15W31,61155,38003,7046,25.40047,281.418,173.661,85.528,12.276126,2577,8,4,8,4,12.191643,6.882091,24.201610,24.201609,27.915868,26.320421,31.00349,5.603020,
2015-08-01,07:25:38,155380037061,62347,3418A,15W31,61155,38003,7061,25.54055,287.645,172.504,85.094,12.116653,2568,6,4,6,4,12.103719,8.159736,24.201618,24.201617,27.288045,25.883765,31.36768,5.827130,
2015-08-01,07:27:54,155380037064,62347,3418A,15W31,61155,38003,7064,25.20437,283.475,173.661,85.962,12.296270,2577,7,4,7,4,12.300835,7.894669,24.201614,24.201613,28.347054,27.098677,31.11555,5.911180,
2015-08-01,07:31:10,155380037115,62347,3418A,15W31,61155,38003,7115,27.08138,287.986,170.767,84.660,12.453435,2498,8,4,8,4,12.513069,7.884769,24.201581,24.201581,29.397123,28.020649,33.35675,6.275370,
2015-08-01,07:32:17,155380037133,62347,3418A,15W31,61155,38003,7133,27.05336,285.899,173.082,88.567,12.056368,2502,8,4,8,4,12.076750,7.258838,24.201574,24.201573,27.921772,26.494324,33.21668,6.163320,
2015-08-01,07:35:49,155380037101,62347,3418A,15W31,61155,38003,7101,26.15688,288.131,171.925,84.660,11.935027,2546,6,4,6,4,11.957449,7.289347,24.201612,24.201611,27.619487,26.061048,31.98401,5.827130,
2015-08-01,07:37:27,155380037106,62347,3418A,15W31,61155,38003,7106,26.15688,288.992,174.240,85.528,12.259809,2527,9,4,9,4,13.366220,8.852283,24.201593,24.201593,28.723128,27.432508,32.5163,6.359420,
2015-08-01,07:38:45,155380037084,62347,3418A,15W31,61155,38003,7084,27.33351,287.511,174.240,85.528,12.243398,2485,9,4,9,4,12.251929,6.887797,24.201579,24.201579,29.541321,27.746298,33.63691,6.303400,
2015-08-01,07:40:15,155380037153,62347,3418A,15W31,61155,38003,7153,27.08138,288.318,173.661,87.699,11.991134,2508,6,4,6,4,11.997881,9.601111,24.201602,24.201602,24.734370,24.064183,33.10462,6.023240,
2015-08-01,07:41:32,155380037141,62347,3418A,15W31,61155,38003,7141,27.13741,288.093,173.082,85.962,12.371096,2507,7,4,7,4,12.329718,9.378695,24.201606,24.201605,27.463453,26.542479,33.10462,5.967210,
2015-08-01,07:42:45,155380037146,62347,3418A,15W31,61155,38003,7146,27.16542,287.270,172.504,85.094,12.389118,2488,10,4,10,4,12.623067,9.022718,24.201597,24.201596,27.626881,26.407360,33.60889,6.443470,
2015-08-01,07:44:05,155380037165,62347,3418A,15W31,61155,38003,7165,27.5016,288.153,172.504,85.528,12.416769,2465,14,4,14,4,12.428555,8.219307,24.201580,24.201580,28.275462,27.061335,34.16919,6.667590,
2015-08-01,07:47:37,155380037181,62347,3418A,15W31,61155,38003,7181,25.8207,285.754,173.661,85.962,12.493750,2560,6,4,6,4,12.491621,9.222941,24.201597,24.201596,25.833458,24.780758,31.61982,5.799120,
2015-08-01,07:48:48,155380037185,62347,3418A,15W31,61155,38003,7185,26.96932,287.102,173.661,85.962,12.459201,2506,8,4,8,4,12.385712,9.231370,24.201621,24.201613,27.637855,26.544742,33.0766,6.107280,
2015-08-01,07:50:29,155380037263,62347,3418A,15W31,61155,38003,7263,28.20198,288.804,174.240,85.528,12.369855,2456,10,4,10,4,12.706624,8.953331,24.201577,24.201577,27.226875,26.251420,34.50537,6.303390,
2015-08-01,07:51:58,155380037122,62347,3418A,15W31,61155,38003,7122,27.02535,289.817,173.082,85.962,12.206214,2494,9,4,9,4,12.205636,7.721437,24.201598,24.201598,29.715292,28.362639,33.46881,6.443460,
2015-08-01,07:53:26,155380037126,62347,3418A,15W31,61155,38003,7126,27.19344,290.849,174.819,86.397,12.459878,2485,10,4,10,4,12.782986,7.665577,24.201602,24.201601,30.387630,28.669250,33.72095,6.527510,
2015-08-01,07:54:36,155380037194,62347,3418A,15W31,61155,38003,7194,27.16542,288.226,170.767,85.962,11.854903,2501,6,4,6,4,11.882087,7.781991,24.201599,24.201598,26.799194,25.535488,33.30072,6.135300,
2015-08-01,07:58:10,155380037196,62347,3418A,15W31,61155,38003,7196,26.66115,285.645,171.925,85.094,12.326612,2525,7,4,7,4,12.301341,7.830919,24.201581,24.201581,28.009732,26.531754,32.54432,5.883170,
2015-08-01,08:00:00,155380037234,62347,3418A,15W31,61155,38003,7234,26.80123,288.791,174.240,85.528,12.228534,2517,7,4,7,4,12.195164,9.120459,24.201610,24.201609,27.710761,26.642444,32.85248,6.051250,
2015-08-01,08:01:36,155380037174,62347,3418A,15W31,61155,38003,7174,27.61366,289.459,170.767,85.962,12.350111,2478,8,4,8,4,12.392361,9.640620,24.201600,24.201599,25.299049,24.805801,33.91706,6.303400,
2015-08-01,08:02:48,155380037224,62347,3418A,15W31,61155,38003,7224,27.16542,290.440,170.767,85.962,11.759564,2502,5,4,5,4,11.787122,8.174342,24.201595,24.201594,25.164196,24.327722,33.30072,6.135300,
2015-08-01,08:04:15,155380037292,62347,3418A,15W31,61155,38003,7292,27.10939,290.089,171.346,86.397,12.031143,2498,8,4,8,4,12.022862,8.504695,24.201629,24.201628,25.969138,24.866314,33.30072,6.191330,
2015-08-01,08:25:06,155380037295,62347,3418A,15W31,61155,38003,7295,22.79507,283.207,172.504,85.094,12.396564,2654,10,4,10,4,12.365973,8.439038,24.201630,24.201629,27.476982,26.372616,28.95839,6.163320,
2015-08-01,08:26:27,155380037253,62347,3418A,15W31,61155,38003,7253,25.65261,290.353,170.767,85.962,12.466682,2546,6,4,6,4,12.478092,9.616481,24.201593,24.201592,25.830312,25.008859,32.12409,6.471480,
2015-08-01,08:27:44,155380037211,62347,3418A,15W31,61155,38003,7211,27.69771,289.689,173.082,86.397,12.092695,2489,5,4,5,4,12.069949,8.567005,24.201587,24.201587,26.865491,25.729743,33.63691,5.939200,
2015-08-01,08:29:20,155380037214,62347,3418A,15W31,61155,38003,7214,27.19344,287.587,173.661,85.962,12.567457,9.569818,24.201588,24.201587,26.846597,25.816391,33.02057,5.827130,
2015-08-01,08:30:44,155380037321,62347,3418A,15W31,61155,38003,7321,27.69771,283.953,173.661,85.962,12.268419,2483,7,4,7,4,12.227701,8.803043,24.201623,24.201623,27.004883,26.026242,33.72095,6.023240,
2015-08-01,08:31:52,155380037324,62347,3418A,15W31,61155,38003,7324,27.41756,285.012,174.819,85.094,12.233157,2496,7,4,7,4,12.243607,8.470948,24.201591,24.201591,27.888365,26.811212,33.35675,5.939190,
2015-08-01,08:33:05,155380037331,62347,3418A,15W31,61155,38003,7331,27.13741,288.298,173.661,85.962,12.283967,2485,12,4,12,4,12.312261,7.417708,24.201608,24.201608,27.317803,26.014632,33.66492,6.527510,
2015-08-01,08:34:22,155380037335,62347,3418A,15W31,61155,38003,7335,27.24947,284.630,172.504,85.528,12.404552,2493,8,4,8,4,12.348108,8.194901,24.201592,24.201591,28.557487,26.910588,33.46881,6.219340,
2015-08-01,08:35:34,155380037313,62347,3418A,15W31,61155,38003,7313,27.02535,287.795,173.082,85.962,12.349711,2502,7,4,7,4,12.338797,8.131515,24.201601,24.201600,25.790664,24.759982,33.21668,6.191330,
2015-08-01,08:37:27,155380037341,62347,3418A,15W31,61155,38003,7341,27.13741,282.176,172.504,85.094,12.414445,2497,10,4,10,4,12.729921,8.700119,24.201602,24.201601,28.034973,26.699207,33.30072,6.163310,
2015-08-01,08:38:38,155380037345,62347,3418A,15W31,61155,38003,7345,26.80123,286.427,173.661,85.094,12.443000,2496,11,4,11,4,12.401809,7.987105,24.201598,24.201598,29.290228,27.592030,33.4408,6.639570,
2015-08-01,08:40:52,155380037361,62347,3418A,15W31,61155,38003,7361,26.52108,285.652,174.240,86.397,12.360158,2514,12,4,12,4,12.295768,6.571037,24.201629,24.201629,27.739241,26.239306,32.79645,6.275370,
2015-08-01,08:42:15,155380037366,62347,3418A,15W31,61155,38003,7366,27.05336,286.679,170.767,85.962,12.175327,2496,7,4,7,4,12.164742,7.564193,24.201590,24.201589,28.047474,26.723305,33.41278,6.359420,
2015-08-01,08:44:38,155380037384,62347,3418A,15W31,61155,38003,7384,26.96932,280.889,175.398,85.962,12.135514,2511,8,4,8,4,12.044884,9.153701,24.201596,24.201596,25.926715,25.129965,32.90851,5.939190,
2015-08-01,08:48:31,155380037392,62347,3418A,15W31,61155,38003,7392,26.26894,281.554,174.240,85.962,12.442135,2534,9,4,9,4,12.425570,8.584168,24.201608,24.201608,26.200823,25.143620,32.26416,5.995220,
2015-08-01,08:50:07,155380037396,62347,3418A,15W31,61155,38003,7396,26.82924,285.956,170.767,85.528,12.024348,2512,7,4,7,4,11.968166,7.088126,24.201594,24.201593,26.029263,24.874165,32.99256,6.163320,
2015-08-01,08:51:17,155380037303,62347,3418A,15W31,61155,38003,7303,27.75374,288.188,174.240,85.094,12.457780,2478,7,4,7,4,12.437323,9.110969,24.201569,24.201568,27.251805,26.278637,33.88904,6.135300,
2015-08-01,08:52:34,155380037351,62347,3418A,15W31,61155,38003,7351,27.64168,284.077,173.082,85.962,12.272706,2476,10,4,10,4,12.640011,8.610561,24.201599,24.201599,27.192803,26.021746,33.91706,6.275380,
2015-08-01,08:54:12,155380037355,62347,3418A,15W31,61155,38003,7355,27.3055,289.387,171.346,85.528,12.155965,2496,7,4,7,4,12.176623,8.224089,24.201600,24.201600,28.708053,27.486937,33.41278,6.107280,
2015-08-01,08:55:46,155380037413,62347,3418A,15W31,61155,38003,7413,27.41756,288.604,174.240,85.094,11.891207,2490,7,4,7,4,11.891610,7.976065,24.201604,24.201603,27.511395,26.378604,33.58088,6.163320,
2015-08-01,08:57:46,155380037402,62347,3418A,15W31,61155,38003,7402,27.58565,286.448,170.188,85.962,12.084480,2485,8,4,8,4,12.096055,8.811063,24.201589,24.201589,25.962159,25.114522,33.66492,6.079270,
2015-08-01,08:59:06,155380037406,62347,3418A,15W31,61155,38003,7406,27.02535,285.637,171.346,85.094,12.347868,2498,9,4,9,4,12.384957,8.840741,24.201585,24.201584,29.049315,27.806948,33.32874,6.303390,
2015-08-01,09:00:15,155380037373,62347,3418A,15W31,61155,38003,7373,26.85726,289.614,174.819,86.397,12.340097,2505,8,4,8,4,12.327765,8.947125,24.201589,24.201589,25.627959,24.935611,33.13263,6.275370,
2015-08-01,09:02:28,155380037376,62347,3418A,15W31,61155,38003,7376,26.77321,283.353,173.082,85.528,12.488460,2519,8,4,8,4,12.523721,8.161617,24.201595,24.201594,28.920642,27.462795,32.74043,5.967220,
2015-08-01,09:03:44,155380037284,62347,3418A,15W31,61155,38003,7284,26.10085,289.086,171.925,86.397,11.574558,2539,5,4,5,4,11.589220,9.049350,24.201590,24.201590,26.153770,25.331290,32.29218,6.191330,
2015-08-01,09:05:54,155380037443,62347,3418A,15W31,61155,38003,7443,26.9413,285.732,169.609,85.528,12.085364,2517,6,4,6,4,12.019811,9.222559,24.201601,24.201601,25.492711,24.479792,32.85248,5.911180,
2015-08-01,09:12:10,155380037445,62347,3418A,15W31,61155,38003,7445,24.86819,283.691,173.661,86.397,12.083179,2589,7,4,7,4,12.132534,8.944914,24.201625,24.201624,27.220736,26.214865,30.8354,5.967210,
2015-08-01,09:13:22,155380037202,62347,3418A,15W31,61155,38003,7202,26.49306,287.061,174.240,85.528,11.479249,11.479321,8.124785,24.201588,24.201587,26.357375,25.324557,32.43225,5.939190,
2015-08-01,09:18:02,155380037431,62347,3418A,15W31,61155,38003,7431,26.35299,284.765,174.240,85.962,12.060777,2543,6,4,6,4,12.125095,8.977608,24.201584,24.201583,26.022802,25.084390,32.04004,5.687050,
2015-08-01,09:19:54,155380037436,62347,3418A,15W31,61155,38003,7436,26.381,287.380,173.082,85.094,11.854361,2525,6,4,6,4,11.832900,7.978185,24.201591,24.201590,25.857068,24.865616,32.62836,6.247360,
2015-08-01,09:20:50,155380037453,62347,3418A,15W31,61155,38003,7453,27.78175,286.548,170.767,85.962,11.988285,2475,8,4,8,4,12.089149,8.166044,24.201564,24.201563,26.796019,25.700408,34.0011,6.219350,
2015-08-01,09:22:15,155380037461,62347,3418A,15W31,61155,38003,7461,27.69771,285.019,169.609,85.094,12.321575,2463,11,4,11,4,12.301573,7.236207,24.201578,24.201577,28.258022,26.588086,34.28125,6.583540,
2015-08-01,09:23:39,155380037466,62347,3418A,15W31,61155,38003,7466,26.63314,288.855,173.661,85.962,12.274977,2489,12,4,12,4,12.295027,7.468214,24.201568,24.201568,28.923927,27.319644,33.66492,7.031780,
2015-08-01,09:35:43,155380037271,62347,3419A,15W31,61155,38003,7271,26.82924,286.797,171.925,86.397,12.203738,2520,6,4,6,4,12.160863,8.106650,24.201592,24.201592,27.566739,26.408969,32.71241,5.883170,
2015-08-01,09:36:51,155380037274,62347,3419A,15W31,61155,38003,7274,26.49306,288.338,175.398,86.397,12.110976,2523,6,4,6,4,12.133661,9.152487,24.201587,24.201586,25.363712,24.592220,32.60035,6.107290,
2015-08-01,09:38:24,155380037472,62347,3419A,15W31,61155,38003,7472,27.5016,285.989,169.030,85.094,12.430147,2490,7,4,7,4,12.523521,9.160830,24.201599,24.201598,29.536123,28.083540,33.49683,5.995230,
2015-08-01,09:39:49,155380037475,62347,3419A,15W31,61155,38003,7475,27.36153,285.383,174.819,85.094,12.155345,2493,9,4,9,4,12.173253,7.965089,24.201598,24.201598,29.325933,27.660145,33.38477,6.023240,
2015-08-01,09:41:11,155380037482,62347,3419A,15W31,61155,38003,7482,27.44557,285.360,173.661,86.397,11.895210,2501,6,4,6,4,11.895212,8.649393,24.201608,24.201607,26.133195,25.134625,33.24469,5.799120,
2015-08-01,09:42:47,155380037484,62347,3419A,15W31,61155,38003,7484,26.91329,286.644,173.661,85.962,12.056030,2518,6,4,6,4,12.021688,8.586008,24.201598,24.201598,27.373361,26.263968,32.79645,5.883160,
2015-08-01,09:44:02,155380037421,62347,3419A,15W31,61155,38003,7421,27.16542,289.039,172.504,86.831,12.419507,2500,6,4,6,4,12.445307,8.254933,24.201614,24.201612,27.460059,26.178903,33.27271,6.107290,
2015-08-01,09:45:58,155380037426,62347,3419A,15W31,61155,38003,7426,27.16542,287.054,171.346,85.962,12.162692,2499,9,4,9,4,12.187776,7.318714,24.201603,24.201603,27.034409,25.612785,33.27271,6.107290,
2015-08-01,09:48:26,155380037493,62347,3419A,15W31,61155,38003,7493,26.80123,285.296,173.661,87.265,12.382487,2504,13,4,13,4,12.385016,7.384638,24.201599,24.201599,27.687093,26.439022,33.10462,6.303390,
2015-08-01,09:50:12,155380037501,62347,3419A,15W31,61155,38003,7501,26.66115,285.846,171.925,88.567,12.229512,2517,7,4,7,4,12.229390,6.884739,24.201576,24.201576,27.398540,26.648077,32.79645,6.135300,
2015-08-01,09:51:47,155380037504,62347,3419A,15W31,61155,38003,7504,27.66969,286.865,171.925,86.397,12.150763,2482,8,4,8,4,12.121362,6.399853,24.201616,24.201616,27.874215,26.071990,33.74897,6.079280,
2015-08-01,09:54:06,155380037513,62347,3419A,15W31,61155,38003,7513,27.05336,285.992,172.504,86.397,13.932356,11.167500,24.201599,24.201599,28.663592,27.722932,33.02057,5.967210,
2015-08-01,09:56:09,155380037516,62347,3419A,15W31,61155,38003,7516,26.88527,285.979,171.925,85.528,11.529396,2523,5,4,5,4,11.492856,8.200364,24.201633,24.201632,27.092295,25.929686,32.65638,5.771110,
2015-08-01,09:57:27,155380037523,62347,3419A,15W31,61155,38003,7523,26.80123,288.297,171.925,85.094,12.396829,2508,9,4,9,4,12.452410,8.251554,24.201585,24.201584,27.121870,25.890951,33.02057,6.219340,
2015-08-01,09:58:34,155380037526,62347,3419A,15W31,61155,38003,7526,27.05336,286.428,172.504,85.528,11.968672,2510,6,4,6,4,11.968287,7.654509,24.201588,24.201588,24.327559,23.285638,32.99256,5.939200,
2015-08-01,10:00:24,155380037534,62347,3419A,15W31,61155,38003,7534,27.24947,288.405,172.504,86.831,12.183106,2505,6,4,6,4,12.182046,7.548816,24.201582,24.201581,26.854595,25.552837,33.13263,5.883160,
2015-08-01,10:02:03,155380037536,62347,3419A,15W31,61155,38003,7536,27.08138,287.382,172.504,86.831,12.008605,2514,6,4,6,4,11.999797,6.384052,24.201634,24.201633,26.658141,25.198218,32.90851,5.827130,
2015-08-01,10:03:38,155380037564,62347,3419A,15W31,61155,38003,7564,26.7452,287.641,174.240,87.265,12.387781,2512,7,4,7,4,12.399891,9.996757,24.201590,24.201590,25.263729,24.668933,32.96454,6.219340,
2015-08-01,10:04:50,155380037541,62347,3419A,15W31,61155,38003,7541,27.94984,282.489,175.398,85.962,12.072021,2480,6,4,6,4,12.074906,7.773502,24.201597,24.201596,26.002557,24.901023,33.83301,5.883170,
2015-08-01,10:10:35,155380037546,62347,3419A,15W31,61155,38003,7546,26.15688,283.945,174.819,85.962,12.494374,2545,7,4,7,4,12.517481,9.673649,24.201608,24.201607,26.555268,26.330675,31.956,5.799120,
2015-08-01,10:11:55,155380037573,62347,3419A,15W31,61155,38003,7573,26.7452,285.827,173.082,85.962,12.380805,2512,8,4,8,4,12.360667,9.084683,24.201591,24.201591,25.725732,25.820807,32.96454,6.219340,
2015-08-01,10:22:18,155380037574,62347,3419A,15W31,61155,38003,7574,23.91567,286.757,175.398,85.528,12.293773,2623,6,4,6,4,12.277180,8.181789,24.201611,24.201610,26.491052,25.368945,29.9109,5.995230,
2015-08-01,10:23:47,155380037581,62347,3419A,15W31,61155,38003,7581,26.46505,284.645,171.925,86.831,11.989573,2524,8,4,8,4,11.961808,9.004795,24.201588,24.201587,27.555385,26.394168,32.5163,6.051250,
2015-08-01,10:25:00,155380037584,62347,3419A,15W31,61155,38003,7584,28.20198,287.240,173.082,85.094,11.793368,2475,6,4,6,4,11.837344,8.916573,24.201593,24.201592,26.880120,25.958029,33.97309,5.771110,
2015-08-01,10:26:03,155380037591,62347,3419A,15W31,61155,38003,7591,27.61366,287.599,174.240,86.397,12.297640,2482,9,4,9,4,12.311938,8.515211,24.201600,24.201600,26.658251,25.701469,33.74897,6.135310,
2015-08-01,10:27:24,155380037595,62347,3419A,15W31,61155,38003,7595,26.77321,281.080,173.661,85.962,12.325377,2516,7,4,7,4,12.366492,8.419618,24.201611,24.201610,26.009130,24.946998,32.76844,5.995230,
2015-08-01,10:28:41,155380037603,62347,3419A,15W31,61155,38003,7603,27.22145,289.542,174.240,86.397,12.143006,2495,7,4,7,4,12.143189,9.009361,24.201602,24.201601,25.903287,25.064810,33.46881,6.247360,
2015-08-01,10:30:29,155380037606,62347,3419A,15W31,61155,38003,7606,26.80123,284.741,174.240,85.962,12.230485,2521,6,4,6,4,12.253057,9.714713,24.201585,24.201584,27.628584,26.545609,32.68439,5.883160,
2015-08-01,10:31:42,155380037613,62347,3419A,15W31,61155,38003,7613,26.82924,286.611,170.767,86.397,12.061013,2511,8,4,8,4,12.082999,6.397203,24.201588,24.201587,27.372343,25.857957,32.8805,6.051260,
2015-08-01,10:32:56,155380037616,62347,3419A,15W31,61155,38003,7616,27.72572,287.265,170.188,85.962,12.316104,2480,8,4,8,4,12.409861,6.951067,24.201591,24.201590,26.321040,24.718020,33.805,6.079280,
2015-08-01,10:34:18,155380037624,62347,3419A,15W31,61155,38003,7624,27.10939,290.654,174.240,86.397,11.589733,2505,5,4,5,4,11.712246,6.840271,24.201608,24.201607,27.363293,25.910490,33.21668,6.107290,
2015-08-01,10:35:36,155380037672,62347,3419A,15W31,61155,38003,7672,27.13741,286.644,171.346,86.397,12.396328,2499,7,4,7,4,12.391242,6.906252,24.201587,24.201587,28.320045,26.837808,33.32874,6.191330,
2015-08-01,10:36:58,155380037675,62347,3419A,15W31,61155,38003,7675,27.3055,287.231,174.240,84.660,12.262177,2494,8,4,8,4,12.261223,7.538012,24.201627,24.201627,27.218019,25.730149,33.41278,6.107280,
2015-08-01,10:38:00,155380037682,62347,3419A,15W31,61155,38003,7682,27.05336,291.212,172.504,86.831,12.300980,2498,9,4,9,4,12.229023,7.274430,24.201590,24.201589,27.486612,26.345956,33.30072,6.247360,
2015-08-01,10:38:56,155380037685,62347,3419A,15W31,61155,38003,7685,27.55763,286.553,170.188,85.528,12.156053,2481,7,4,7,4,12.163679,7.431667,24.201601,24.201601,27.960125,26.656536,33.83301,6.275380,
2015-08-01,10:40:48,155380037663,62347,3419A,15W31,61155,38003,7663,28.34205,286.079,173.661,86.831,12.436597,2463,6,4,6,4,12.444797,9.927197,24.201582,24.201582,25.809511,24.880940,34.28125,5.939200,
2015-08-01,10:42:12,155380037641,62347,3419A,15W31,61155,38003,7641,27.19344,293.728,174.240,85.094,12.411843,2501,5,4,5,4,12.373553,8.793425,24.201594,24.201593,26.098954,25.078369,33.32874,6.135300,
2015-08-01,10:43:25,155380037644,62347,3419A,15W31,61155,38003,7644,27.38954,288.361,174.819,85.094,11.855766,2498,6,4,6,4,11.836713,8.007965,24.201579,24.201578,26.314462,25.501045,33.38477,5.995230,
2015-08-01,10:44:41,155380037646,62347,3419A,15W31,61155,38003,7646,26.96932,283.205,169.030,85.094,12.066184,2518,5,4,5,4,12.067261,8.701658,24.201597,24.201597,26.249248,25.320694,32.76844,5.799120,
2015-08-01,10:45:48,155380037631,62347,3419A,15W31,61155,38003,7631,26.85726,288.053,174.819,86.397,11.975146,2520,6,4,6,4,12.028478,8.803721,24.201572,24.201571,25.371007,24.256636,32.74043,5.883170,
2015-08-01,10:47:13,155380037634,62347,3419A,15W31,61155,38003,7634,27.22145,289.501,173.661,86.397,12.678991,8.831703,24.201631,24.201631,26.462296,25.415060,33.38477,6.163320,
2015-08-01,10:48:25,155380037651,62347,3419A,15W31,61155,38003,7651,27.5016,287.563,174.240,89.001,12.305906,2488,7,4,7,4,12.277699,7.938358,24.201643,24.201618,26.102649,25.034587,33.60889,6.107290,
2015-08-01,10:51:54,155380037652,62347,3419A,15W31,61155,38003,7652,25.90474,285.986,173.082,85.962,11.697390,2557,5,4,5,4,12.580273,7.685565,24.201610,24.201609,27.591448,26.322833,31.67585,5.771110,
2015-08-01,11:01:25,155380037653,62347,3419A,15W31,61155,38003,7653,23.97171,288.552,173.661,84.660,11.609912,2625,5,4,5,4,11.621829,6.958965,24.201602,24.201601,26.873531,25.464651,29.85487,5.883160,
2015-08-01,11:02:53,155380037692,62347,3419A,15W31,61155,38003,7692,26.35299,283.238,170.767,85.962,12.459623,2527,6,4,6,4,12.463063,8.577066,24.201632,24.201632,28.043268,26.812726,32.60035,6.247360,
2015-08-01,11:04:14,155380037701,62347,3419A,15W31,61155,38003,7701,27.16542,291.284,171.346,84.660,12.302156,2492,8,4,8,4,12.296979,7.799306,24.201599,24.201599,28.945800,27.347369,33.55286,6.387440,
2015-08-01,11:05:42,155380037706,62347,3419A,15W31,61155,38003,7706,26.88527,290.291,174.819,84.660,12.088674,2505,6,4,6,4,12.027753,7.836910,24.201597,24.201596,26.988396,25.580349,33.21668,6.331410,
2015-08-01,11:07:10,155380037735,62347,3419A,15W31,61155,38003,7735,26.68917,288.045,173.661,87.265,11.874763,2512,6,4,6,4,11.857801,9.094478,24.201614,24.201614,26.454154,25.492335,32.99256,6.303390,
2015-08-01,11:08:21,155380037763,62347,3419A,15W31,61155,38003,7763,27.3055,287.876,171.925,85.962,11.560888,2493,5,4,5,4,11.555163,9.027056,24.201583,24.201583,26.316925,25.621339,33.55286,6.247360,
2015-08-01,11:09:40,155380037721,62347,3419A,15W31,61155,38003,7721,27.16542,291.431,170.767,85.962,12.155731,2489,8,4,8,4,12.085362,7.625666,24.201586,24.201585,28.454452,26.836789,33.66492,6.499500,
2015-08-01,11:11:35,155380037711,62347,3419A,15W31,61155,38003,7711,27.38954,286.601,170.188,85.962,12.264024,2485,7,4,7,4,12.242433,8.023324,24.201620,24.201620,27.602962,26.288455,33.805,6.415460,
2015-08-01,11:12:46,155380037715,62347,3419A,15W31,61155,38003,7715,27.22145,288.654,172.504,85.528,12.483985,2484,8,4,8,4,12.511568,8.857722,24.201594,24.201594,28.897333,27.630655,33.77698,6.555530,
2015-08-01,11:13:57,155380037743,62347,3419A,15W31,61155,38003,7743,26.88527,287.237,174.240,85.528,12.480849,2470,17,4,17,4,12.500195,6.813115,24.201590,24.201589,26.918852,25.453686,34.11316,7.227890,
2015-08-01,11:15:26,155380037752,62347,3419A,15W31,61155,38003,7752,27.3055,287.799,173.661,86.397,12.481041,2476,10,4,10,4,12.440578,9.007771,24.201604,24.201603,25.777331,24.842757,34.0011,6.695600,
2015-08-01,11:16:54,155380037771,62347,3419A,15W31,61155,38003,7771,27.41756,288.879,174.819,85.528,11.820167,2485,6,4,6,4,11.891083,7.496812,24.201610,24.201609,25.820411,24.571545,33.74897,6.331410,
2015-08-01,11:18:10,155380037775,62347,3419A,15W31,61155,38003,7775,27.5016,287.231,174.819,85.094,12.454553,2462,12,4,12,4,12.399034,8.073891,24.201597,24.201597,28.240266,26.994344,34.30927,6.807670,
2015-08-01,11:21:09,155380037784,62347,3419A,15W31,61155,38003,7784,27.22145,286.445,174.240,85.528,12.019786,2506,7,4,7,4,11.953290,8.304962,24.201587,24.201586,28.801314,27.319287,33.10462,5.883170,
2015-08-01,11:22:35,155380037793,62347,3419A,15W31,61155,38003,7793,27.33351,286.490,172.504,87.265,12.683976,9.365703,24.201592,24.201591,25.872556,25.386594,33.66492,6.331410,
2015-08-01,11:26:47,155380037796,62347,3419A,15W31,61155,38003,7796,26.46505,284.976,173.082,86.831,12.480107,2533,8,4,8,4,12.453312,10.355958,24.201599,24.201598,26.572956,25.893014,32.34821,5.883160,
2015-08-01,11:28:12,155380037095,62347,3419A,15W31,61155,38003,7095,26.43703,290.587,170.188,87.699,11.928201,2511,8,4,8,4,11.936601,7.250563,24.201616,24.201616,26.875412,25.359756,33.04859,6.611560,
2015-08-01,11:29:38,155380037052,62347,3419A,15W31,61155,38003,7052,27.75374,289.787,174.240,85.094,12.338467,2482,7,4,7,4,12.303671,7.881508,24.201612,24.201612,28.373988,27.113343,33.77698,6.023240,
2015-08-01,11:30:39,155380037055,62347,3419A,15W31,61155,38003,7055,27.22145,287.586,171.925,85.962,12.208313,2484,9,4,9,4,12.118004,7.290780,24.201582,24.201581,29.102360,27.414503,33.805,6.583550,
2015-08-01,11:32:01,155380037074,62347,3419A,15W31,61155,38003,7074,26.82924,286.056,174.240,85.962,12.259367,2499,8,4,8,4,12.223270,7.788779,24.201574,24.201573,28.174095,26.994268,33.35675,6.527510,
2015-08-01,11:41:17,155080053061,62347,3450A,15W31,61155,08005,3061,27.89381,288.812,175.398,85.528,12.336639,2476,9,4,9,4,12.299844,8.399274,24.201612,24.201611,28.659566,27.266242,33.91706,6.023250,
2015-08-01,11:42:56,155080053066,62347,3450A,15W31,61155,08005,3066,27.13741,291.163,173.661,86.397,12.152675,2483,11,4,11,4,12.169587,8.113868,24.201587,24.201587,28.967850,27.458992,33.77698,6.639570,
2015-08-01,11:44:22,155080052805,62347,3450A,15W31,61155,08005,2805,27.08138,286.305,174.819,84.660,12.214483,2494,8,4,8,4,12.210066,8.465577,24.201606,24.201606,29.523736,27.903628,33.49683,6.415450,
2015-08-01,11:45:31,155080052354,62347,3450A,15W31,61155,08005,2354,27.02535,290.906,174.240,85.094,12.070802,2489,9,4,9,4,12.091560,8.422174,24.201595,24.201595,25.866769,24.851807,33.63691,6.611560,
2015-08-01,11:46:26,155080052341,62347,3450A,15W31,61155,08005,2341,27.41756,289.304,174.240,86.397,12.318002,2479,8,4,8,4,12.288160,8.587545,24.201587,24.201586,27.644745,26.143805,33.91706,6.499500,
2015-08-01,11:47:38,155080052345,62347,3450A,15W31,61155,08005,2345,27.13741,292.036,173.661,86.831,12.346581,2478,11,4,11,4,12.348036,8.343069,24.201600,24.201599,30.302276,28.454088,33.91706,6.779650,
2015-08-01,11:48:45,155080052333,62347,3450A,15W31,61155,08005,2333,27.10939,289.930,173.661,85.962,12.377716,2490,8,4,8,4,12.328218,9.147588,24.201601,24.201601,25.357449,24.395060,33.58088,6.471490,
2015-08-01,11:49:57,155080053051,62347,3450A,15W31,61155,08005,3051,27.33351,293.296,173.082,86.397,12.002638,2486,6,4,6,4,12.020315,8.804408,24.201603,24.201602,24.489525,23.692290,33.77698,6.443470,
2015-08-01,11:51:28,155080053091,62347,3450A,15W31,61155,08005,3091,26.82924,294.545,174.240,89.870,12.399799,2491,10,4,10,4,12.364478,7.474089,24.201521,24.201521,27.893215,26.518309,33.55286,6.723620,
2015-08-01,11:52:33,155080053095,62347,3450A,15W31,61155,08005,3095,27.16542,291.445,172.504,88.567,12.222068,2473,12,4,12,4,12.238995,8.192774,24.201587,24.201587,30.656183,29.124921,34.08515,6.919730,
2015-08-01,11:55:19,155080053096,62347,3450A,15W31,61155,08005,3096,26.68917,285.053,170.767,87.699,11.985140,2520,8,4,8,4,11.951241,7.739231,24.201591,24.201590,29.007949,27.470997,32.68439,5.995220,
2015-08-01,11:57:52,155080052755,62347,3450A,15W31,61155,08005,2755,26.96932,290.334,172.504,86.397,12.371598,2498,11,4,11,4,12.452810,8.072423,24.201593,24.201592,29.158460,27.431801,33.27271,6.303390,
2015-08-01,11:59:25,155080053104,62347,3450A,15W31,61155,08005,3104,27.24947,288.421,174.240,89.870,11.508720,2491,7,4,7,4,11.537806,6.457688,24.201589,24.201588,24.882084,23.530165,33.58088,6.331410,
2015-08-01,12:00:35,155080053112,62347,3450A,15W31,61155,08005,3112,27.64168,290.222,175.398,88.567,12.469700,2429,20,4,20,4,12.498900,7.022248,24.201600,24.201600,28.808381,27.332097,35.26178,7.620100,
2015-08-01,12:01:39,155080053116,62347,3450A,15W31,61155,08005,3116,26.85726,291.516,174.240,87.699,12.193469,2495,8,4,8,4,12.150084,7.489123,24.201593,24.201593,24.941368,23.679842,33.52485,6.667590,
2015-08-01,12:07:25,155080053121,62347,3451A,15W31,61155,08005,3121,26.88527,289.639,172.504,85.094,12.097387,2499,8,4,8,4,12.119477,8.034839,24.201611,24.201610,29.002967,27.780077,33.35675,6.471480,
2015-08-01,12:08:52,155080053126,62347,3451A,15W31,61155,08005,3126,26.85726,291.340,171.346,86.831,12.238159,2498,8,4,8,4,12.205768,8.429302,24.201577,24.201577,26.622398,25.324197,33.35675,6.499490,
2015-08-01,12:10:12,155080053134,62347,3451A,15W31,61155,08005,3134,27.10939,288.765,173.661,87.265,12.409816,2480,12,4,12,4,12.429823,6.918597,24.201589,24.201589,27.742446,26.248623,33.83301,6.723620,
2015-08-01,12:13:28,155080053142,62347,3451A,15W31,61155,08005,3142,26.82924,286.835,173.661,86.397,12.125187,2515,8,4,8,4,12.087832,8.451748,24.201591,24.201591,25.204461,24.236629,32.82447,5.995230,
2015-08-01,12:14:59,155080053145,62347,3451A,15W31,61155,08005,3145,26.29696,288.349,170.767,89.001,12.109196,2533,8,4,8,4,12.117294,8.888526,24.201617,24.201617,27.040611,26.029537,32.34821,6.051250,
2015-08-01,12:16:38,155080053164,62347,3451A,15W31,61155,08005,3164,27.19344,291.533,173.661,89.870,12.352365,2481,12,4,12,4,12.284692,7.068947,24.201583,24.201583,27.437753,25.827096,33.83301,6.639570,
2015-08-01,12:18:21,155080053153,62347,3451A,15W31,61155,08005,3153,26.63314,289.692,173.082,86.397,11.974857,2515,6,4,6,4,11.944301,9.112201,24.201577,24.201576,25.001753,24.155652,32.93653,6.303390,
2015-08-01,12:19:42,155080053172,62347,3451A,15W31,61155,08005,3172,27.47359,290.449,170.188,89.870,12.430134,2472,10,4,10,4,12.768072,8.175002,24.201566,24.201565,26.101675,24.872781,34.08515,6.611560,
2015-08-01,12:21:12,155080053176,62347,3451A,15W31,61155,08005,3176,27.22145,288.668,175.398,89.436,12.187048,2478,11,4,11,4,12.179799,6.855108,24.201582,24.201581,28.107542,26.486251,33.91706,6.695610,
2015-08-01,12:22:28,155080053185,62347,3451A,15W31,61155,08005,3185,26.91329,292.225,175.398,85.962,11.771284,2499,6,4,6,4,11.761902,7.493061,24.201603,24.201603,26.305252,24.847540,33.46881,6.555520,
2015-08-01,12:23:27,155080053212,62347,3451A,15W31,61155,08005,3212,26.66115,289.059,173.661,85.528,12.168689,2506,8,4,8,4,12.086471,7.527397,24.201569,24.201569,24.864752,23.575769,33.18866,6.527510,
2015-08-01,12:27:28,155080053215,62347,3451A,15W31,61155,08005,3215,25.8207,288.290,173.661,85.528,12.015022,2553,7,4,7,4,12.044017,7.571433,24.201612,24.201611,26.192578,25.049715,31.78791,5.967210,
2015-08-01,12:29:49,155080053143,62347,3451A,15W31,61155,08005,3143,23.18728,290.221,171.925,85.528,11.845705,2654,5,4,5,4,11.876679,8.433761,24.201644,24.201643,24.402439,23.442336,29.04243,5.855150,
2015-08-01,12:31:00,155080053244,62347,3451A,15W31,61155,08005,3244,27.24947,294.039,171.346,89.001,11.880415,2490,6,4,6,4,11.905169,8.756573,24.201616,24.201616,24.756581,24.103955,33.63691,6.387440,
2015-08-01,12:31:57,155080053231,62347,3451A,15W31,61155,08005,3231,26.96932,290.393,173.661,88.133,12.457712,2491,9,4,9,4,12.508397,7.042618,24.201598,24.201598,27.059619,25.640904,33.58088,6.611560,
2015-08-01,12:33:06,155080053236,62347,3451A,15W31,61155,08005,3236,27.92183,289.653,169.609,86.397,12.030975,2461,8,4,8,4,12.008924,7.801047,24.201613,24.201612,26.739757,25.341099,34.42133,6.499500,
2015-08-01,12:34:24,155080053204,62347,3451A,15W31,61155,08005,3204,26.96932,291.953,174.240,87.699,12.231838,2490,9,4,9,4,12.006909,6.928413,24.201586,24.201586,26.589046,25.127038,33.60889,6.639570,
2015-08-01,12:35:33,155080053191,62347,3451A,15W31,61155,08005,3191,27.33351,289.851,173.082,87.699,12.356407,2486,8,4,8,4,12.354429,7.572481,24.201604,24.201603,25.280293,23.848032,33.69294,6.359430,
2015-08-01,12:36:50,155080053321,62347,3451A,15W31,61155,08005,3321,26.88527,289.912,170.767,89.436,12.410299,2490,10,4,10,4,12.416562,7.031023,24.201602,24.201601,25.514720,24.154430,33.60889,6.723620,
2015-08-01,12:38:20,155080053326,62347,3451A,15W31,61155,08005,3326,27.02535,291.690,175.398,89.870,12.132433,2485,10,4,10,4,12.508540,7.771458,24.201605,24.201604,26.594508,25.242986,33.74897,6.723620,
2015-08-01,12:39:22,155080053294,62347,3451A,15W31,61155,08005,3294,27.08138,293.375,170.188,88.567,12.174775,2484,10,4,10,4,12.491673,8.193329,24.201612,24.201611,28.245255,26.987947,33.77698,6.695600,
2015-08-01,12:40:42,155080053313,62347,3451A,15W31,61155,08005,3313,27.3055,291.513,173.661,89.870,12.492138,2476,9,4,9,4,12.546801,7.929014,24.201598,24.201598,25.631728,24.653990,34.05713,6.751630,
2015-08-01,12:41:41,155080053301,62347,3451A,15W31,61155,08005,3301,27.10939,289.203,173.082,86.831,12.380254,2479,12,4,12,4,12.372487,7.586231,24.201578,24.201577,26.941990,25.427486,33.88904,6.779650,
2015-08-01,12:46:32,155080053303,62347,3451A,15W31,61155,08005,3303,25.70864,285.420,173.661,86.397,11.968225,2560,7,4,7,4,11.970365,7.916741,24.201595,24.201594,25.090133,24.458979,31.64783,5.939190,
2015-08-01,12:48:53,155080053304,62347,3451A,15W31,61155,08005,3304,25.06429,289.243,175.398,88.133,12.474198,2568,10,4,10,4,12.825774,7.382527,24.201619,24.201619,26.717248,25.403358,31.36768,6.303390,
2015-08-01,12:50:36,155080053283,62347,3451A,15W31,61155,08005,3283,25.96077,294.441,173.082,86.831,11.907776,2534,6,4,6,4,11.860745,8.992262,24.201587,24.201586,24.218557,23.350150,32.48829,6.527520,
2015-08-01,13:08:03,155080053252,62347,3451A,15W31,61155,08005,3252,23.13125,283.659,173.661,86.831,12.031985,2650,8,4,8,4,12.017728,7.433968,24.201630,24.201630,24.296125,23.125316,29.09846,5.967210,
2015-08-01,13:09:46,155080053272,62347,3451A,15W31,61155,08005,3272,26.15688,292.485,174.240,86.831,12.333109,2502,14,4,14,4,12.328747,7.928470,24.201602,24.201602,28.900415,27.436177,33.21668,7.059800,
2015-08-01,13:10:59,155080053276,62347,3451A,15W31,61155,08005,3276,26.80123,296.706,172.504,88.567,12.275730,2490,10,4,10,4,12.605141,8.270195,24.201592,24.201591,30.275814,28.673614,33.60889,6.807660,
2015-08-01,13:11:56,155080053263,62347,3451A,15W31,61155,08005,3263,27.24947,292.363,170.188,89.436,12.036775,2486,7,4,7,4,12.073804,6.763994,24.201593,24.201592,27.247029,25.810543,33.69294,6.443470,
2015-08-01,13:22:29,155080053331,62347,3452A,15W31,61155,08005,3331,27.44557,287.023,172.504,86.397,12.196029,2496,7,4,7,4,12.173273,8.824791,24.201596,24.201595,25.382300,24.545944,33.35675,5.911180,
2015-08-01,13:23:46,155080051512,62347,3452A,15W31,61155,08005,1512,26.12886,288.063,171.925,86.397,11.844877,2529,7,4,7,4,11.884285,9.169718,24.201697,24.201696,26.316906,25.359963,32.5163,6.387440,
2015-08-01,13:25:19,155080051516,62347,3452A,15W31,61155,08005,1516,26.85726,289.386,174.819,85.528,12.315503,2509,7,4,7,4,12.319313,9.303432,24.201600,24.201600,27.668364,26.583716,33.04859,6.191330,
2015-08-01,13:26:20,155080051524,62347,3452A,15W31,61155,08005,1524,27.24947,289.862,175.398,86.831,12.338066,2467,13,4,13,4,12.333819,7.319177,24.201580,24.201579,28.473276,27.039808,34.22522,6.975750,
2015-08-01,13:27:37,155080051362,62347,3452A,15W31,61155,08005,1362,26.85726,288.694,173.082,86.397,12.159278,2509,6,4,6,4,12.187442,8.927113,24.201589,24.201588,27.547729,26.553635,33.10462,6.247360,
2015-08-01,13:29:04,155080051531,62347,3452A,15W31,61155,08005,1531,27.13741,290.465,174.819,86.831,12.308888,2484,8,4,8,4,12.293159,9.656229,24.201599,24.201598,26.099668,25.289096,33.77698,6.639570,
2015-08-01,13:31:01,155080051532,62347,3452A,15W31,61155,08005,1532,26.7452,286.542,172.504,85.962,11.691923,2524,6,4,6,4,11.672198,8.448052,24.201587,24.201586,24.840982,23.936874,32.65638,5.911180,
2015-08-01,13:32:31,155080051501,62347,3452A,15W31,61155,08005,1501,26.7452,290.109,173.082,85.094,12.463984,2502,10,4,10,4,12.413000,8.712423,24.201607,24.201606,29.252613,27.548125,33.24469,6.499490,
2015-08-01,13:34:02,155080051506,62347,3452A,15W31,61155,08005,1506,26.77321,290.854,174.240,85.962,12.203014,2509,7,4,7,4,12.245095,7.891406,24.201582,24.201581,26.706923,25.329844,33.04859,6.275380,
2015-08-01,13:35:47,155080051545,62347,3452A,15W31,61155,08005,1545,27.38954,287.725,174.819,87.265,12.454649,2474,10,4,10,4,12.445731,9.829267,24.201602,24.201601,26.143783,25.159364,34.05713,6.667590,
2015-08-01,13:36:54,155080051573,62347,3452A,15W31,61155,08005,1573,27.47359,291.004,169.030,85.962,12.484525,2474,8,4,8,4,12.470100,9.198292,24.201573,24.201572,27.364598,26.230149,34.08515,6.611560,
2015-08-01,13:42:06,155080051574,62347,3452A,15W31,61155,08005,1574,25.42849,284.947,170.188,85.094,12.142240,2565,7,4,7,4,12.084778,8.347733,24.201616,24.201615,28.533062,27.398680,31.47974,6.051250,
2015-08-01,13:43:35,155080051583,62347,3452A,15W31,61155,08005,1583,26.12886,289.643,175.398,85.528,12.023633,2515,8,4,8,4,11.994453,8.237751,24.201601,24.201600,26.647061,25.500659,32.93653,6.807670,
2015-08-01,13:47:28,155080052782,62347,3452A,15W31,61155,08005,2782,26.71718,287.477,174.240,86.397,11.994258,2526,6,4,6,4,11.944927,8.384353,24.201585,24.201585,26.674032,25.534574,32.54432,5.827140,
2015-08-01,13:48:55,155080052811,62347,3452A,15W31,61155,08005,2811,26.57711,289.904,175.398,85.094,12.283710,2503,9,4,9,4,12.324662,7.850377,24.201597,24.201596,27.238935,25.813900,33.27271,6.695600,
2015-08-01,13:50:23,155080052816,62347,3452A,15W31,61155,08005,2816,27.10939,287.839,171.925,85.962,12.064690,2494,7,4,7,4,12.081852,7.728100,24.201581,24.201581,26.601407,25.154505,33.52485,6.415460,
2015-08-01,13:51:33,155080052864,62347,3452A,15W31,61155,08005,2864,27.52962,289.307,174.240,89.001,12.465368,2458,12,4,12,4,12.463414,6.639011,24.201571,24.201571,26.028568,24.675695,34.47736,6.947740,
2015-08-01,13:52:30,155080052871,62347,3452A,15W31,61155,08005,2871,27.13741,288.703,175.398,88.133,12.301194,2480,11,4,11,4,12.250019,7.099502,24.201597,24.201596,26.132104,24.668617,33.88904,6.751630,
2015-08-01,13:53:46,155080052875,62347,3452A,15W31,61155,08005,2875,28.08992,287.258,174.240,85.962,12.165345,2451,9,4,9,4,12.162599,8.217601,24.201576,24.201575,25.714244,24.483677,34.64545,6.555530,
2015-08-01,13:55:20,155080052884,62347,3452A,15W31,61155,08005,2884,26.91329,293.521,171.925,88.567,12.122810,2496,8,4,8,4,12.079206,8.278451,24.201593,24.201592,26.387280,25.155807,33.41278,6.499490,
2015-08-01,13:57:25,155080052895,62347,3452A,15W31,61155,08005,2895,27.05336,292.481,171.925,85.962,12.070472,2486,9,4,9,4,12.064174,8.136438,24.201575,24.201575,27.806281,26.467424,33.72095,6.667590,
2015-08-01,13:58:52,155080052903,62347,3452A,15W31,61155,08005,2903,27.47359,291.766,171.925,86.397,12.367153,2484,7,4,7,4,12.414175,8.573654,24.201594,24.201593,28.981895,27.673864,33.805,6.331410,
2015-08-01,14:00:15,155080052922,62347,3452A,15W31,61155,08005,2922,27.16542,291.797,171.925,90.304,12.457032,2475,11,4,11,4,12.425027,8.117176,24.201589,24.201588,27.410163,25.941153,34.05713,6.891710,
2015-08-01,14:01:48,155080052931,62347,3452A,15W31,61155,08005,2931,27.47359,295.134,174.819,86.397,12.406923,2476,8,4,8,4,12.454618,8.952258,24.201563,24.201563,25.794556,24.738680,34.02912,6.555530,
2015-08-01,14:03:06,155080052935,62347,3452A,15W31,61155,08005,2935,27.08138,292.988,173.661,89.436,12.372528,2490,9,4,9,4,12.350403,8.240716,24.201596,24.201596,28.474548,26.965127,33.63691,6.555530,
2015-08-01,14:04:41,155080052943,62347,3452A,15W31,61155,08005,2943,27.58565,287.739,172.504,85.962,12.462852,2487,6,4,6,4,12.462071,9.286023,24.201580,24.201579,24.419934,24.301527,33.63691,6.051260,
2015-08-01,14:05:53,155080052951,62347,3452A,15W31,61155,08005,2951,27.47359,290.557,174.819,86.397,12.049271,2488,6,4,6,4,11.994308,9.341276,24.201576,24.201575,24.284105,23.594131,33.72095,6.247360,
2015-08-01,14:07:02,155080052954,62347,3452A,15W31,61155,08005,2954,27.55763,291.752,169.030,87.265,12.339128,2479,8,4,8,4,12.283401,9.316601,24.201636,24.201635,24.957828,24.072345,33.91706,6.359430,
2015-08-01,14:10:51,155080052956,62347,3452A,15W31,61155,08005,2956,26.52108,282.368,171.925,85.962,12.023262,2530,8,4,8,4,12.052679,9.059993,24.201602,24.201601,25.366853,24.442455,32.43225,5.911170,
2015-08-01,14:12:09,155080052915,62347,3452A,15W31,61155,08005,2915,26.77321,288.480,174.240,87.265,11.819547,2504,7,4,7,4,11.798320,7.158942,24.201620,24.201620,25.694920,24.398012,33.32874,6.555530,
2015-08-01,14:14:55,155080052593,62347,3452A,15W31,61155,08005,2593,27.8658,285.046,175.398,85.094,12.144882,2485,7,4,7,4,12.105540,8.657835,24.201587,24.201587,30.040007,28.856026,33.66492,5.799120,
2015-08-01,14:17:11,155080052973,62347,3452A,15W31,61155,08005,2973,28.56617,289.816,174.240,87.265,12.108186,2449,8,4,8,4,11.943353,8.366196,24.201605,24.201604,24.584567,23.534432,34.67346,6.107290,
2015-08-01,14:18:21,155080052976,62347,3452A,15W31,61155,08005,2976,27.52962,286.922,173.082,85.962,12.154351,2481,9,4,9,4,12.161649,8.116165,24.201586,24.201586,27.700468,26.280508,33.77698,6.247360,
2015-08-01,14:19:41,155080053011,62347,3452A,15W31,61155,08005,3011,27.33351,284.156,173.082,85.528,12.432914,2502,4,5,4,5,12.413778,9.522541,24.201596,24.201595,26.670615,25.635862,33.18866,5.855150,
2015-08-01,14:21:02,155080053016,62347,3452A,15W31,61155,08005,3016,27.19344,290.532,173.661,86.397,12.186523,2485,8,4,8,4,12.050186,8.539954,24.201569,24.201568,24.615975,23.772212,33.77698,6.583540,
2015-08-01,14:22:31,155080053005,62347,3452A,15W31,61155,08005,3005,27.16542,289.307,170.767,86.831,12.217091,2488,8,4,8,4,12.227962,8.710045,24.201586,24.201585,26.044921,24.916450,33.69294,6.527520,
2015-08-01,14:23:30,155080053022,62347,3452A,15W31,61155,08005,3022,27.02535,288.736,168.452,85.962,12.321063,2494,9,4,9,4,12.353230,10.286909,24.201605,24.201604,27.799127,26.987288,33.46881,6.443460,
2015-08-01,14:24:52,155080053031,62347,3452A,15W31,61155,08005,3031,27.24947,292.085,173.661,86.831,12.424471,2484,8,4,8,4,12.366677,8.798675,24.201602,24.201601,24.770282,23.757151,33.83301,6.583540,
2015-08-01,14:26:39,155080053034,62347,3452A,15W31,61155,08005,3034,27.92183,287.810,170.188,86.397,12.165449,2465,11,4,11,4,12.210948,7.929831,24.201581,24.201581,28.249201,26.964757,34.25324,6.331410,
2015-08-01,14:28:04,155080052983,62347,3452A,15W31,61155,08005,2983,27.19344,289.172,173.661,89.436,12.345012,2471,13,4,13,4,12.290200,7.502785,24.201580,24.201580,27.160308,25.958248,34.14118,6.947740,
2015-08-01,14:30:34,155080052986,62347,3452A,15W31,61155,08005,2986,27.75374,284.795,173.082,88.133,12.344202,2467,14,4,14,4,12.293755,7.441625,24.201587,24.201586,30.292956,28.399067,34.08515,6.331410,
2015-08-01,14:32:56,155080053042,62347,3452A,15W31,61155,08005,3042,27.75374,290.389,172.504,88.567,12.357605,2462,10,4,10,4,12.373470,7.943330,24.201583,24.201583,26.358208,25.254956,34.3653,6.611560,
2015-08-01,14:34:35,155080052991,62347,3452A,15W31,61155,08005,2991,27.52962,289.866,174.819,85.962,12.343569,2470,10,4,10,4,12.376997,8.681577,24.201797,24.201797,27.147354,25.786340,34.11316,6.583540,
2015-08-01,14:36:22,155080053071,62347,3452A,15W31,61155,08005,3071,27.92183,290.128,171.925,86.831,12.364304,2448,9,4,9,4,12.333418,7.521180,24.201592,24.201591,26.169530,24.809677,34.81354,6.891710,
2015-08-01,14:39:39,155080053073,62347,3452A,15W31,61155,08005,3073,27.27748,287.612,175.398,89.001,12.190931,2493,10,4,10,4,12.226696,6.827137,24.201586,24.201586,28.571242,26.785373,33.41278,6.135300,
2015-08-01,14:41:03,155080052962,62347,3452A,15W31,61155,08005,2962,26.7452,288.961,174.240,87.699,12.478403,2490,11,4,11,4,12.396730,7.729294,24.201588,24.201587,26.482951,25.235778,33.63691,6.891710,
2015-08-01,14:42:29,155080053081,62347,3452A,15W31,61155,08005,3081,27.80977,287.609,175.398,86.397,12.059046,2459,8,4,8,4,12.086946,8.439891,24.201585,24.201584,25.288548,24.191206,34.47736,6.667590,